o Famasbody
v 1.0403180122375488 -0.0688819979429245 -0.1107330589970203
v 1.1078070402145386 0.33316299867630006 0.1622469381014256
v 1.0403180122375488 -0.0688819979429245 0.10826094006694836
v 1.1078070402145386 0.33316299867630006 -0.16523705864749866
v 1.1078070402145386 0.33316299867630006 0.1622469381014256
v 1.0403180122375488 -0.0688819979429245 -0.1107330589970203
v -0.02739199995994568 0.751753007888794 0.06275894050993008
v 0.04974300041794777 0.6513880248069763 0.06275894050993008
v -0.02739199995994568 0.751753007888794 0.037246941826715896
v 0.04974300041794777 0.6513880248069763 0.037246941826715896
v -0.02739199995994568 0.751753007888794 0.037246941826715896
v 0.04974300041794777 0.6513880248069763 0.06275894050993008
v 0.04974300041794777 0.6513880248069763 0.06275894050993008
v 0.04974300041794777 0.40175301384925843 0.06275894050993008
v 0.04974300041794777 0.6513880248069763 0.037246941826715896
v 0.04974300041794777 0.40175301384925843 0.037246941826715896
v 0.04974300041794777 0.6513880248069763 0.037246941826715896
v 0.04974300041794777 0.40175301384925843 0.06275894050993008
v 0.04974300041794777 0.6513880248069763 -0.03974906051956134
v -0.02739199995994568 0.751753007888794 -0.06523105944000201
v -0.02739199995994568 0.751753007888794 -0.03974906051956134
v -0.02739199995994568 0.751753007888794 -0.06523105944000201
v 0.04974300041794777 0.6513880248069763 -0.03974906051956134
v 0.04974300041794777 0.6513880248069763 -0.06523105944000201
v 0.04974300041794777 0.6513880248069763 -0.03974906051956134
v 0.04974300041794777 0.40175301384925843 -0.06523105944000201
v 0.04974300041794777 0.6513880248069763 -0.06523105944000201
v 0.04974300041794777 0.40175301384925843 -0.06523105944000201
v 0.04974300041794777 0.6513880248069763 -0.03974906051956134
v 0.04974300041794777 0.40175301384925843 -0.03974906051956134
v 1.04060697555542 0.524328028678894 0.10325593804515881
v 1.1078070402145386 0.33316299867630006 -0.16523705864749866
v 1.04060697555542 0.524328028678894 -0.10624705696903186
v 1.1078070402145386 0.33316299867630006 -0.16523705864749866
v 1.04060697555542 0.524328028678894 0.10325593804515881
v 1.1078070402145386 0.33316299867630006 0.1622469381014256
v 0.013407999649643898 0.624097978591919 0.037246941826715896
v 0.013407999649643898 0.40175301384925843 0.037246941826715896
v 0.013407999649643898 0.624097978591919 -0.03974906051956134
v 0.013407999649643898 0.40175301384925843 -0.03974906051956134
v 0.013407999649643898 0.624097978591919 -0.03974906051956134
v 0.013407999649643898 0.40175301384925843 0.037246941826715896
v -0.02355399914085865 -0.20223199772834777 -0.08873005653224902
v -0.13145799934864044 0.25899799716472627 -0.08873005653224902
v -0.13145799934864044 0.25899799716472627 0.08625793760217709
v -0.02355399914085865 -0.20223199772834777 -0.08873005653224902
v -0.13145799934864044 0.25899799716472627 0.08625793760217709
v -0.02355399914085865 -0.20223199772834777 0.08625793760217709
v -0.02355399914085865 -0.20223199772834777 -0.08873005653224902
v -0.02355399914085865 -0.20223199772834777 0.08625793760217709
v -0.016112999990582466 -0.2339769994020462 0.08625793760217709
v -0.016112999990582466 -0.2339769994020462 0.08625793760217709
v -0.016112999990582466 -0.2339769994020462 -0.08873005653224902
v -0.02355399914085865 -0.20223199772834777 -0.08873005653224902
v -0.016112999990582466 -0.2339769994020462 -0.08873005653224902
v -0.016112999990582466 -0.2339769994020462 0.08625793760217709
v -0.0012329999590292573 -0.297471994638443 0.08625793760217709
v -0.0012329999590292573 -0.297471994638443 0.08625793760217709
v -0.0012329999590292573 -0.297471994638443 -0.08873005653224902
v -0.016112999990582466 -0.2339769994020462 -0.08873005653224902
v -1.2422239780426025 0.5662430281639099 0.06275894050993008
v -1.1889909505844116 0.6447030062675476 -0.06523105944000201
v -1.1889909505844116 0.6447030062675476 0.06275894050993008
v -1.1889909505844116 0.6447030062675476 -0.06523105944000201
v -1.2422239780426025 0.5662430281639099 0.06275894050993008
v -1.2422239780426025 0.5662430281639099 -0.06523105944000201
v -1.2422239780426025 0.5662430281639099 -0.06523105944000201
v -1.2422239780426025 0.5662430281639099 0.06275894050993008
v -1.2422239780426025 0.42919800233840943 0.06275894050993008
v -1.2422239780426025 0.42919800233840943 -0.06523105944000201
v -1.2422239780426025 0.5662430281639099 -0.06523105944000201
v -1.2422239780426025 0.42919800233840943 0.06275894050993008
v -1.294592022895813 0.7134129757881165 0.06275894050993008
v -0.02739199995994568 0.751753007888794 0.06275894050993008
v -1.294592022895813 0.7134129757881165 0.037246941826715896
v -0.02739199995994568 0.751753007888794 0.037246941826715896
v -1.294592022895813 0.7134129757881165 0.037246941826715896
v -0.02739199995994568 0.751753007888794 0.06275894050993008
v -1.294592022895813 0.7134129757881165 -0.03974906051956134
v -0.02739199995994568 0.751753007888794 -0.06523105944000201
v -1.294592022895813 0.7134129757881165 -0.06523105944000201
v -0.02739199995994568 0.751753007888794 -0.06523105944000201
v -1.294592022895813 0.7134129757881165 -0.03974906051956134
v -0.02739199995994568 0.751753007888794 -0.03974906051956134
v 0.032607998698949814 0.4331629927158356 -0.09074406022630649
v -0.11139299720525742 0.4331629927158356 -0.09074406022630649
v 0.032607998698949814 0.4331629927158356 0.08827194129623456
v 0.032607998698949814 0.4331629927158356 -0.09074406022630649
v 0.032607998698949814 0.4331629927158356 0.08827194129623456
v 0.09980800002813339 0.4331629927158356 0.08827194129623456
v 0.09980800002813339 0.4331629927158356 0.08827194129623456
v 0.09980800002813339 0.4331629927158356 -0.09074406022630649
v 0.032607998698949814 0.4331629927158356 -0.09074406022630649
v -0.11139299720525742 0.4331629927158356 -0.09074406022630649
v -0.11139299720525742 0.4331629927158356 0.08827194129623456
v 0.032607998698949814 0.4331629927158356 0.08827194129623456
v 0.09980800002813339 0.4331629927158356 -0.09074406022630649
v 0.09980800002813339 0.4331629927158356 0.08827194129623456
v 0.14780700206756592 0.4331629927158356 0.08827194129623456
v 0.14780700206756592 0.4331629927158356 0.08827194129623456
v 0.14780700206756592 0.4331629927158356 -0.09074406022630649
v 0.09980800002813339 0.4331629927158356 -0.09074406022630649
v 0.14780700206756592 0.4331629927158356 -0.09074406022630649
v 0.14780700206756592 0.4331629927158356 0.08827194129623456
v 0.22844700515270233 0.4331629927158356 0.08827194129623456
v 0.22844700515270233 0.4331629927158356 0.08827194129623456
v 0.22844700515270233 0.4331629927158356 -0.09074406022630649
v 0.14780700206756592 0.4331629927158356 -0.09074406022630649
v 0.22844700515270233 0.4331629927158356 -0.09074406022630649
v 0.22844700515270233 0.4331629927158356 0.08827194129623456
v 0.2822059988975525 0.4331629927158356 0.08827194129623456
v 0.2822059988975525 0.4331629927158356 0.08827194129623456
v 0.2822059988975525 0.4331629927158356 -0.09074406022630649
v 0.22844700515270233 0.4331629927158356 -0.09074406022630649
v 0.2822059988975525 0.4331629927158356 -0.09074406022630649
v 0.2822059988975525 0.4331629927158356 0.08827194129623456
v 0.44228801131248474 0.4331629927158356 0.08827194129623456
v 0.44228801131248474 0.4331629927158356 -0.09074406022630649
v 0.2822059988975525 0.4331629927158356 -0.09074406022630649
v 0.44228801131248474 0.4331629927158356 0.08827194129623456
v 0.44228801131248474 0.4331629927158356 -0.09074406022630649
v 0.44228801131248474 0.4331629927158356 0.08827194129623456
v 0.61940598487854 0.4331629927158356 0.08827194129623456
v 0.61940598487854 0.4331629927158356 -0.09074406022630649
v 0.44228801131248474 0.4331629927158356 -0.09074406022630649
v 0.61940598487854 0.4331629927158356 0.08827194129623456
v 0.61940598487854 0.4331629927158356 -0.09074406022630649
v 0.61940598487854 0.4331629927158356 0.08827194129623456
v 0.7167999744415283 0.524328028678894 0.10325593804515881
v 0.7167999744415283 0.524328028678894 0.10325593804515881
v 0.7167999744415283 0.524328028678894 -0.10624705696903186
v 0.61940598487854 0.4331629927158356 -0.09074406022630649
v 0.7167999744415283 0.524328028678894 -0.10624705696903186
v 0.7167999744415283 0.524328028678894 0.10325593804515881
v 0.8942070007324219 0.524328028678894 0.10325593804515881
v 0.8942070007324219 0.524328028678894 -0.10624705696903186
v 0.7167999744415283 0.524328028678894 -0.10624705696903186
v 0.8942070007324219 0.524328028678894 0.10325593804515881
v 0.8942070007324219 0.524328028678894 -0.10624705696903186
v 0.8942070007324219 0.524328028678894 0.10325593804515881
v 1.04060697555542 0.524328028678894 0.10325593804515881
v 1.04060697555542 0.524328028678894 -0.10624705696903186
v 0.8942070007324219 0.524328028678894 -0.10624705696903186
v 1.04060697555542 0.524328028678894 0.10325593804515881
v -0.0476979985833168 0.6637130136489868 -0.03974906051956134
v -1.3326079845428467 0.6430579776763916 -0.03974906051956134
v -1.3326079845428467 0.6430579776763916 0.037246941826715896
v -0.0476979985833168 0.6637130136489868 -0.03974906051956134
v -1.3326079845428467 0.6430579776763916 0.037246941826715896
v -0.0476979985833168 0.6637130136489868 0.037246941826715896
v -0.0476979985833168 0.6637130136489868 -0.03974906051956134
v -0.0476979985833168 0.6637130136489868 0.037246941826715896
v 0.013407999649643898 0.624097978591919 -0.03974906051956134
v 0.013407999649643898 0.624097978591919 -0.03974906051956134
v -0.0476979985833168 0.6637130136489868 0.037246941826715896
v 0.013407999649643898 0.624097978591919 0.037246941826715896
v -0.14979399740695953 0.4331629927158356 -0.05125406081281619
v -0.4358710050582886 0.4331629927158356 -0.09074406022630649
v -0.4358710050582886 0.4331629927158356 -0.05125406081281619
v -0.8025910258293152 0.4331629927158356 -0.05125406081281619
v -0.4358710050582886 0.4331629927158356 -0.05125406081281619
v -0.4358710050582886 0.4331629927158356 -0.09074406022630649
v -0.4358710050582886 0.4331629927158356 -0.09074406022630649
v -0.14979399740695953 0.4331629927158356 -0.05125406081281619
v -0.11139299720525742 0.4331629927158356 -0.09074406022630649
v -0.4358710050582886 0.4331629927158356 -0.09074406022630649
v -1.3593930006027222 0.4331629927158356 -0.09074406022630649
v -0.8025910258293152 0.4331629927158356 -0.05125406081281619
v -0.14979399740695953 0.4331629927158356 0.04875194211997075
v -0.11139299720525742 0.4331629927158356 -0.09074406022630649
v -0.14979399740695953 0.4331629927158356 -0.05125406081281619
v -1.3593930006027222 0.4331629927158356 0.08827194129623456
v -0.8025910258293152 0.4331629927158356 -0.05125406081281619
v -1.3593930006027222 0.4331629927158356 -0.09074406022630649
v -0.11139299720525742 0.4331629927158356 -0.09074406022630649
v -0.14979399740695953 0.4331629927158356 0.04875194211997075
v -0.11139299720525742 0.4331629927158356 0.08827194129623456
v -0.8025910258293152 0.4331629927158356 -0.05125406081281619
v -1.3593930006027222 0.4331629927158356 0.08827194129623456
v -0.8025910258293152 0.4331629927158356 0.04875194211997075
v -0.14979399740695953 0.4331629927158356 0.04875194211997075
v -0.4358710050582886 0.4331629927158356 0.08827194129623456
v -0.11139299720525742 0.4331629927158356 0.08827194129623456
v -1.3593930006027222 0.4331629927158356 0.08827194129623456
v -0.4358710050582886 0.4331629927158356 0.08827194129623456
v -0.8025910258293152 0.4331629927158356 0.04875194211997075
v -0.4358710050582886 0.4331629927158356 0.08827194129623456
v -0.14979399740695953 0.4331629927158356 0.04875194211997075
v -0.4358710050582886 0.4331629927158356 0.04875194211997075
v -0.8025910258293152 0.4331629927158356 0.04875194211997075
v -0.4358710050582886 0.4331629927158356 0.08827194129623456
v -0.4358710050582886 0.4331629927158356 0.04875194211997075
v -0.44259101152420044 0.33316299867630006 0.1387479410091786
v -1.3209919929504395 0.1822529937028885 0.09226993774570508
v -0.42243099212646484 0.13241299790143968 0.09226993774570508
v -1.3209919929504395 0.1822529937028885 0.09226993774570508
v -0.44259101152420044 0.33316299867630006 0.1387479410091786
v -1.3785929679870605 0.33316299867630006 0.1387479410091786
v -0.42243099212646484 0.13241299790143968 0.09226993774570508
v -0.11139299720525742 0.21316299390792848 0.09226993774570508
v -0.44259101152420044 0.33316299867630006 0.1387479410091786
v -0.11139299720525742 0.33316299867630006 0.1387479410091786
v -0.44259101152420044 0.33316299867630006 0.1387479410091786
v -0.11139299720525742 0.21316299390792848 0.09226993774570508
v 0.032607998698949814 0.21316299390792848 0.11076394026674313
v -0.11139299720525742 0.33316299867630006 0.1387479410091786
v -0.11139299720525742 0.21316299390792848 0.09226993774570508
v -0.11139299720525742 0.33316299867630006 0.1387479410091786
v 0.032607998698949814 0.21316299390792848 0.11076394026674313
v 0.032607998698949814 0.33316299867630006 0.1387479410091786
v 0.032607998698949814 0.21316299390792848 0.11076394026674313
v 0.09980800002813339 0.33316299867630006 0.1387479410091786
v 0.032607998698949814 0.33316299867630006 0.1387479410091786
v 0.09980800002813339 0.33316299867630006 0.1387479410091786
v 0.032607998698949814 0.21316299390792848 0.11076394026674313
v 0.09980800002813339 0.17316300225257875 0.11076394026674313
v 0.09980800002813339 0.33316299867630006 0.1387479410091786
v 0.09980800002813339 0.17316300225257875 0.11076394026674313
v 0.14780700206756592 0.33316299867630006 0.1387479410091786
v 0.14780700206756592 0.04316299957036972 0.09226993774570508
v 0.14780700206756592 0.33316299867630006 0.1387479410091786
v 0.09980800002813339 0.17316300225257875 0.11076394026674313
v 0.19964799284934998 0.04316299957036972 0.09226993774570508
v 0.14780700206756592 0.33316299867630006 0.1387479410091786
v 0.14780700206756592 0.04316299957036972 0.09226993774570508
v 0.14780700206756592 0.33316299867630006 0.1387479410091786
v 0.19964799284934998 0.04316299957036972 0.09226993774570508
v 0.22844700515270233 0.33316299867630006 0.1387479410091786
v 0.19964799284934998 0.04316299957036972 0.09226993774570508
v 0.2822059988975525 0.33316299867630006 0.1387479410091786
v 0.22844700515270233 0.33316299867630006 0.1387479410091786
v 0.2822059988975525 0.33316299867630006 0.1387479410091786
v 0.19964799284934998 0.04316299957036972 0.09226993774570508
v 0.44228801131248474 0.14222300601005555 0.09226993774570508
v 0.2822059988975525 0.33316299867630006 0.1387479410091786
v 0.44228801131248474 0.14222300601005555 0.09226993774570508
v 0.44228801131248474 0.33316299867630006 0.1387479410091786
v 0.44228801131248474 0.14222300601005555 0.09226993774570508
v 0.61940598487854 0.33316299867630006 0.1387479410091786
v 0.44228801131248474 0.33316299867630006 0.1387479410091786
v 0.61940598487854 0.33316299867630006 0.1387479410091786
v 0.44228801131248474 0.14222300601005555 0.09226993774570508
v 0.61940598487854 -0.010586999461054802 0.09226993774570508
v 0.61940598487854 -0.010586999461054802 0.09226993774570508
v 0.7167999744415283 0.33316299867630006 0.1622469381014256
v 0.61940598487854 0.33316299867630006 0.1387479410091786
v 0.7167999744415283 0.33316299867630006 0.1622469381014256
v 0.61940598487854 -0.010586999461054802 0.09226993774570508
v 0.7167999744415283 -0.07565199780464173 0.10826094006694836
v 0.8360310196876526 -0.07495200085639954 0.10826094006694836
v 0.7167999744415283 0.33316299867630006 0.1622469381014256
v 0.7167999744415283 -0.07565199780464173 0.10826094006694836
v 0.7167999744415283 0.33316299867630006 0.1622469381014256
v 0.8360310196876526 -0.07495200085639954 0.10826094006694836
v 0.8942070007324219 0.33316299867630006 0.1622469381014256
v 1.0403180122375488 -0.0688819979429245 0.10826094006694836
v 0.8942070007324219 0.33316299867630006 0.1622469381014256
v 0.8360310196876526 -0.07495200085639954 0.10826094006694836
v 0.8942070007324219 0.33316299867630006 0.1622469381014256
v 1.0403180122375488 -0.0688819979429245 0.10826094006694836
v 1.1078070402145386 0.33316299867630006 0.1622469381014256
v -0.4358710050582886 0.4331629927158356 0.08827194129623456
v -1.3593930006027222 0.4331629927158356 0.08827194129623456
v -0.44259101152420044 0.33316299867630006 0.1387479410091786
v -1.3785929679870605 0.33316299867630006 0.1387479410091786
v -0.44259101152420044 0.33316299867630006 0.1387479410091786
v -1.3593930006027222 0.4331629927158356 0.08827194129623456
v -0.44259101152420044 0.33316299867630006 0.1387479410091786
v -0.11139299720525742 0.33316299867630006 0.1387479410091786
v -0.4358710050582886 0.4331629927158356 0.08827194129623456
v -0.11139299720525742 0.4331629927158356 0.08827194129623456
v -0.4358710050582886 0.4331629927158356 0.08827194129623456
v -0.11139299720525742 0.33316299867630006 0.1387479410091786
v 0.032607998698949814 0.33316299867630006 0.1387479410091786
v -0.11139299720525742 0.4331629927158356 0.08827194129623456
v -0.11139299720525742 0.33316299867630006 0.1387479410091786
v -0.11139299720525742 0.4331629927158356 0.08827194129623456
v 0.032607998698949814 0.33316299867630006 0.1387479410091786
v 0.032607998698949814 0.4331629927158356 0.08827194129623456
v 0.09980800002813339 0.33316299867630006 0.1387479410091786
v 0.032607998698949814 0.4331629927158356 0.08827194129623456
v 0.032607998698949814 0.33316299867630006 0.1387479410091786
v 0.032607998698949814 0.4331629927158356 0.08827194129623456
v 0.09980800002813339 0.33316299867630006 0.1387479410091786
v 0.09980800002813339 0.4331629927158356 0.08827194129623456
v 0.14780700206756592 0.33316299867630006 0.1387479410091786
v 0.09980800002813339 0.4331629927158356 0.08827194129623456
v 0.09980800002813339 0.33316299867630006 0.1387479410091786
v 0.09980800002813339 0.4331629927158356 0.08827194129623456
v 0.14780700206756592 0.33316299867630006 0.1387479410091786
v 0.14780700206756592 0.4331629927158356 0.08827194129623456
v 0.22844700515270233 0.33316299867630006 0.1387479410091786
v 0.14780700206756592 0.4331629927158356 0.08827194129623456
v 0.14780700206756592 0.33316299867630006 0.1387479410091786
v 0.14780700206756592 0.4331629927158356 0.08827194129623456
v 0.22844700515270233 0.33316299867630006 0.1387479410091786
v 0.22844700515270233 0.4331629927158356 0.08827194129623456
v 0.2822059988975525 0.33316299867630006 0.1387479410091786
v 0.22844700515270233 0.4331629927158356 0.08827194129623456
v 0.22844700515270233 0.33316299867630006 0.1387479410091786
v 0.22844700515270233 0.4331629927158356 0.08827194129623456
v 0.2822059988975525 0.33316299867630006 0.1387479410091786
v 0.2822059988975525 0.4331629927158356 0.08827194129623456
v 0.44228801131248474 0.33316299867630006 0.1387479410091786
v 0.2822059988975525 0.4331629927158356 0.08827194129623456
v 0.2822059988975525 0.33316299867630006 0.1387479410091786
v 0.2822059988975525 0.4331629927158356 0.08827194129623456
v 0.44228801131248474 0.33316299867630006 0.1387479410091786
v 0.44228801131248474 0.4331629927158356 0.08827194129623456
v 0.61940598487854 0.33316299867630006 0.1387479410091786
v 0.44228801131248474 0.4331629927158356 0.08827194129623456
v 0.44228801131248474 0.33316299867630006 0.1387479410091786
v 0.44228801131248474 0.4331629927158356 0.08827194129623456
v 0.61940598487854 0.33316299867630006 0.1387479410091786
v 0.61940598487854 0.4331629927158356 0.08827194129623456
v 0.7167999744415283 0.33316299867630006 0.1622469381014256
v 0.61940598487854 0.4331629927158356 0.08827194129623456
v 0.61940598487854 0.33316299867630006 0.1387479410091786
v 0.7167999744415283 0.33316299867630006 0.1622469381014256
v 0.7167999744415283 0.524328028678894 0.10325593804515881
v 0.61940598487854 0.4331629927158356 0.08827194129623456
v 0.8942070007324219 0.33316299867630006 0.1622469381014256
v 0.7167999744415283 0.524328028678894 0.10325593804515881
v 0.7167999744415283 0.33316299867630006 0.1622469381014256
v 0.7167999744415283 0.524328028678894 0.10325593804515881
v 0.8942070007324219 0.33316299867630006 0.1622469381014256
v 0.8942070007324219 0.524328028678894 0.10325593804515881
v 0.8942070007324219 0.33316299867630006 0.1622469381014256
v 1.04060697555542 0.524328028678894 0.10325593804515881
v 0.8942070007324219 0.524328028678894 0.10325593804515881
v 1.04060697555542 0.524328028678894 0.10325593804515881
v 0.8942070007324219 0.33316299867630006 0.1622469381014256
v 1.1078070402145386 0.33316299867630006 0.1622469381014256
v -0.13145799934864044 0.25899799716472627 0.08625793760217709
v -0.31044700741767883 -0.2750720028877258 0.08625793760217709
v -0.02355399914085865 -0.20223199772834777 0.08625793760217709
v -0.31044700741767883 -0.2750720028877258 0.08625793760217709
v -0.13145799934864044 0.25899799716472627 0.08625793760217709
v -0.4183509945869446 0.1861580069065094 0.08625793760217709
v -0.31044700741767883 -0.2750720028877258 0.08625793760217709
v -0.016112999990582466 -0.2339769994020462 0.08625793760217709
v -0.02355399914085865 -0.20223199772834777 0.08625793760217709
v -0.016112999990582466 -0.2339769994020462 0.08625793760217709
v -0.31044700741767883 -0.2750720028877258 0.08625793760217709
v -0.33348900079727173 -0.31455200362205504 0.08625793760217709
v -0.016112999990582466 -0.2339769994020462 0.08625793760217709
v -0.33348900079727173 -0.31455200362205504 0.08625793760217709
v -0.3186579942703247 -0.378047013759613 0.08625793760217709
v -0.3186579942703247 -0.378047013759613 0.08625793760217709
v -0.0012329999590292573 -0.297471994638443 0.08625793760217709
v -0.016112999990582466 -0.2339769994020462 0.08625793760217709
v -1.3516180515289307 0.6116379852294922 0.06275894050993008
v -1.2422239780426025 0.5662430281639099 0.06275894050993008
v -1.294592022895813 0.7134129757881165 0.06275894050993008
v -1.2422239780426025 0.5662430281639099 0.06275894050993008
v -1.3516180515289307 0.6116379852294922 0.06275894050993008
v -1.3516180515289307 0.42919800233840943 0.06275894050993008
v -1.2422239780426025 0.5662430281639099 0.06275894050993008
v -1.3516180515289307 0.42919800233840943 0.06275894050993008
v -1.2422239780426025 0.42919800233840943 0.06275894050993008
v -1.2422239780426025 0.5662430281639099 0.06275894050993008
v -1.1889909505844116 0.6447030062675476 0.06275894050993008
v -1.294592022895813 0.7134129757881165 0.06275894050993008
v -0.02739199995994568 0.751753007888794 0.06275894050993008
v -1.294592022895813 0.7134129757881165 0.06275894050993008
v -1.1889909505844116 0.6447030062675476 0.06275894050993008
v -1.1889909505844116 0.6447030062675476 0.06275894050993008
v -0.12286300212144852 0.6367529983520508 0.06275894050993008
v -0.02739199995994568 0.751753007888794 0.06275894050993008
v 0.04974300041794777 0.6513880248069763 0.06275894050993008
v -0.02739199995994568 0.751753007888794 0.06275894050993008
v -0.12286300212144852 0.6367529983520508 0.06275894050993008
v 0.04974300041794777 0.6513880248069763 0.06275894050993008
v -0.12286300212144852 0.6367529983520508 0.06275894050993008
v -0.07006300240755081 0.5717530007362366 0.06275894050993008
v -0.07006300240755081 0.5717530007362366 0.06275894050993008
v 0.04974300041794777 0.40175301384925843 0.06275894050993008
v 0.04974300041794777 0.6513880248069763 0.06275894050993008
v -0.07006300240755081 0.5717530007362366 0.06275894050993008
v -0.07006300240755081 0.40175301384925843 0.06275894050993008
v 0.04974300041794777 0.40175301384925843 0.06275894050993008
v -0.02739199995994568 0.751753007888794 -0.03974906051956134
v -1.294592022895813 0.7134129757881165 -0.03974906051956134
v -0.0476979985833168 0.6637130136489868 -0.03974906051956134
v -1.3326079845428467 0.6430579776763916 -0.03974906051956134
v -0.0476979985833168 0.6637130136489868 -0.03974906051956134
v -1.294592022895813 0.7134129757881165 -0.03974906051956134
v -0.0476979985833168 0.6637130136489868 -0.03974906051956134
v 0.04974300041794777 0.6513880248069763 -0.03974906051956134
v -0.02739199995994568 0.751753007888794 -0.03974906051956134
v 0.04974300041794777 0.6513880248069763 -0.03974906051956134
v -0.0476979985833168 0.6637130136489868 -0.03974906051956134
v 0.013407999649643898 0.624097978591919 -0.03974906051956134
v 0.013407999649643898 0.624097978591919 -0.03974906051956134
v 0.04974300041794777 0.40175301384925843 -0.03974906051956134
v 0.04974300041794777 0.6513880248069763 -0.03974906051956134
v 0.04974300041794777 0.40175301384925843 -0.03974906051956134
v 0.013407999649643898 0.624097978591919 -0.03974906051956134
v 0.013407999649643898 0.40175301384925843 -0.03974906051956134
v -1.3516180515289307 0.42919800233840943 -0.06523105944000201
v -1.3516180515289307 0.6116379852294922 0.06275894050993008
v -1.3516180515289307 0.6116379852294922 -0.06523105944000201
v -1.3516180515289307 0.6116379852294922 0.06275894050993008
v -1.3516180515289307 0.42919800233840943 -0.06523105944000201
v -1.3516180515289307 0.42919800233840943 0.06275894050993008
v -1.3785929679870605 0.33316299867630006 -0.14125106180511432
v -1.3785929679870605 0.33316299867630006 0.1387479410091786
v -1.3593930006027222 0.4331629927158356 -0.09074406022630649
v -1.3593930006027222 0.4331629927158356 -0.09074406022630649
v -1.3785929679870605 0.33316299867630006 0.1387479410091786
v -1.3593930006027222 0.4331629927158356 0.08827194129623456
v -1.3209919929504395 0.1822529937028885 -0.09474205667577701
v -1.3785929679870605 0.33316299867630006 0.1387479410091786
v -1.3785929679870605 0.33316299867630006 -0.14125106180511432
v -1.3785929679870605 0.33316299867630006 0.1387479410091786
v -1.3209919929504395 0.1822529937028885 -0.09474205667577701
v -1.3209919929504395 0.1822529937028885 0.09226993774570508
v -0.3186579942703247 -0.378047013759613 -0.08873005653224902
v -0.33348900079727173 -0.31455200362205504 0.08625793760217709
v -0.33348900079727173 -0.31455200362205504 -0.08873005653224902
v -0.33348900079727173 -0.31455200362205504 0.08625793760217709
v -0.3186579942703247 -0.378047013759613 -0.08873005653224902
v -0.3186579942703247 -0.378047013759613 0.08625793760217709
v -0.4183509945869446 0.1861580069065094 -0.08873005653224902
v -0.31044700741767883 -0.2750720028877258 -0.08873005653224902
v -0.31044700741767883 -0.2750720028877258 0.08625793760217709
v -0.4183509945869446 0.1861580069065094 -0.08873005653224902
v -0.31044700741767883 -0.2750720028877258 0.08625793760217709
v -0.4183509945869446 0.1861580069065094 0.08625793760217709
v -1.294592022895813 0.7134129757881165 0.037246941826715896
v -1.3326079845428467 0.6430579776763916 0.037246941826715896
v -1.294592022895813 0.7134129757881165 0.06275894050993008
v -1.3516180515289307 0.6116379852294922 0.06275894050993008
v -1.294592022895813 0.7134129757881165 0.06275894050993008
v -1.3326079845428467 0.6430579776763916 0.037246941826715896
v -1.3516180515289307 0.6116379852294922 -0.06523105944000201
v -1.3516180515289307 0.6116379852294922 0.06275894050993008
v -1.3326079845428467 0.6430579776763916 0.037246941826715896
v -1.3516180515289307 0.6116379852294922 -0.06523105944000201
v -1.3326079845428467 0.6430579776763916 0.037246941826715896
v -1.3326079845428467 0.6430579776763916 -0.03974906051956134
v -1.294592022895813 0.7134129757881165 -0.06523105944000201
v -1.3516180515289307 0.6116379852294922 -0.06523105944000201
v -1.3326079845428467 0.6430579776763916 -0.03974906051956134
v -1.294592022895813 0.7134129757881165 -0.06523105944000201
v -1.3326079845428467 0.6430579776763916 -0.03974906051956134
v -1.294592022895813 0.7134129757881165 -0.03974906051956134
v 0.14780700206756592 0.04316299957036972 -0.09474205667577701
v 0.09980800002813339 0.17316300225257875 0.11076394026674313
v 0.09980800002813339 0.17316300225257875 -0.1137540533622356
v 0.09980800002813339 0.17316300225257875 0.11076394026674313
v 0.14780700206756592 0.04316299957036972 -0.09474205667577701
v 0.14780700206756592 0.04316299957036972 0.09226993774570508
v -0.33348900079727173 -0.31455200362205504 -0.08873005653224902
v -0.31044700741767883 -0.2750720028877258 0.08625793760217709
v -0.31044700741767883 -0.2750720028877258 -0.08873005653224902
v -0.31044700741767883 -0.2750720028877258 0.08625793760217709
v -0.33348900079727173 -0.31455200362205504 -0.08873005653224902
v -0.33348900079727173 -0.31455200362205504 0.08625793760217709
v -0.07006300240755081 0.5717530007362366 -0.06523105944000201
v -0.07006300240755081 0.40175301384925843 -0.06523105944000201
v -0.07006300240755081 0.40175301384925843 0.06275894050993008
v -0.07006300240755081 0.5717530007362366 -0.06523105944000201
v -0.07006300240755081 0.40175301384925843 0.06275894050993008
v -0.07006300240755081 0.5717530007362366 0.06275894050993008
v -0.07006300240755081 0.5717530007362366 -0.06523105944000201
v -0.07006300240755081 0.5717530007362366 0.06275894050993008
v -0.12286300212144852 0.6367529983520508 0.06275894050993008
v -0.12286300212144852 0.6367529983520508 0.06275894050993008
v -0.12286300212144852 0.6367529983520508 -0.06523105944000201
v -0.07006300240755081 0.5717530007362366 -0.06523105944000201
v -0.3186579942703247 -0.378047013759613 -0.08873005653224902
v -0.0012329999590292573 -0.297471994638443 -0.08873005653224902
v -0.0012329999590292573 -0.297471994638443 0.08625793760217709
v -0.3186579942703247 -0.378047013759613 -0.08873005653224902
v -0.0012329999590292573 -0.297471994638443 0.08625793760217709
v -0.3186579942703247 -0.378047013759613 0.08625793760217709
v 0.44228801131248474 0.14222300601005555 -0.09474205667577701
v 0.19964799284934998 0.04316299957036972 0.09226993774570508
v 0.19964799284934998 0.04316299957036972 -0.09474205667577701
v 0.14780700206756592 0.04316299957036972 0.09226993774570508
v 0.19964799284934998 0.04316299957036972 -0.09474205667577701
v 0.19964799284934998 0.04316299957036972 0.09226993774570508
v 0.19964799284934998 0.04316299957036972 -0.09474205667577701
v 0.14780700206756592 0.04316299957036972 0.09226993774570508
v 0.14780700206756592 0.04316299957036972 -0.09474205667577701
v 0.19964799284934998 0.04316299957036972 0.09226993774570508
v 0.44228801131248474 0.14222300601005555 -0.09474205667577701
v 0.44228801131248474 0.14222300601005555 0.09226993774570508
v 0.61940598487854 -0.010586999461054802 -0.09474205667577701
v 0.44228801131248474 0.14222300601005555 0.09226993774570508
v 0.44228801131248474 0.14222300601005555 -0.09474205667577701
v 0.44228801131248474 0.14222300601005555 0.09226993774570508
v 0.61940598487854 -0.010586999461054802 -0.09474205667577701
v 0.61940598487854 -0.010586999461054802 0.09226993774570508
v 0.7167999744415283 -0.07565199780464173 -0.1107330589970203
v 0.61940598487854 -0.010586999461054802 0.09226993774570508
v 0.61940598487854 -0.010586999461054802 -0.09474205667577701
v 0.61940598487854 -0.010586999461054802 0.09226993774570508
v 0.7167999744415283 -0.07565199780464173 -0.1107330589970203
v 0.7167999744415283 -0.07565199780464173 0.10826094006694836
v 0.8360310196876526 -0.07495200085639954 -0.1107330589970203
v 0.7167999744415283 -0.07565199780464173 0.10826094006694836
v 0.7167999744415283 -0.07565199780464173 -0.1107330589970203
v 0.7167999744415283 -0.07565199780464173 0.10826094006694836
v 0.8360310196876526 -0.07495200085639954 -0.1107330589970203
v 0.8360310196876526 -0.07495200085639954 0.10826094006694836
v 1.0403180122375488 -0.0688819979429245 -0.1107330589970203
v 0.8360310196876526 -0.07495200085639954 0.10826094006694836
v 0.8360310196876526 -0.07495200085639954 -0.1107330589970203
v 0.8360310196876526 -0.07495200085639954 0.10826094006694836
v 1.0403180122375488 -0.0688819979429245 -0.1107330589970203
v 1.0403180122375488 -0.0688819979429245 0.10826094006694836
v -1.3209919929504395 0.1822529937028885 -0.09474205667577701
v -0.42243099212646484 0.13241299790143968 -0.09474205667577701
v -0.42243099212646484 0.13241299790143968 0.09226993774570508
v -1.3209919929504395 0.1822529937028885 -0.09474205667577701
v -0.42243099212646484 0.13241299790143968 0.09226993774570508
v -1.3209919929504395 0.1822529937028885 0.09226993774570508
v -0.42243099212646484 0.13241299790143968 -0.09474205667577701
v -0.11139299720525742 0.21316299390792848 -0.09474205667577701
v -0.11139299720525742 0.21316299390792848 0.09226993774570508
v -0.42243099212646484 0.13241299790143968 -0.09474205667577701
v -0.11139299720525742 0.21316299390792848 0.09226993774570508
v -0.42243099212646484 0.13241299790143968 0.09226993774570508
v 0.032607998698949814 0.21316299390792848 -0.1137540533622356
v -0.11139299720525742 0.21316299390792848 0.09226993774570508
v -0.11139299720525742 0.21316299390792848 -0.09474205667577701
v -0.11139299720525742 0.21316299390792848 0.09226993774570508
v 0.032607998698949814 0.21316299390792848 -0.1137540533622356
v 0.032607998698949814 0.21316299390792848 0.11076394026674313
v 0.09980800002813339 0.17316300225257875 -0.1137540533622356
v 0.032607998698949814 0.21316299390792848 0.11076394026674313
v 0.032607998698949814 0.21316299390792848 -0.1137540533622356
v 0.032607998698949814 0.21316299390792848 0.11076394026674313
v 0.09980800002813339 0.17316300225257875 -0.1137540533622356
v 0.09980800002813339 0.17316300225257875 0.11076394026674313
v 0.04974300041794777 0.40175301384925843 -0.06523105944000201
v 0.013407999649643898 0.40175301384925843 -0.03974906051956134
v -0.07006300240755081 0.40175301384925843 -0.06523105944000201
v 0.013407999649643898 0.40175301384925843 -0.03974906051956134
v 0.04974300041794777 0.40175301384925843 -0.06523105944000201
v 0.04974300041794777 0.40175301384925843 -0.03974906051956134
v -0.07006300240755081 0.40175301384925843 0.06275894050993008
v -0.07006300240755081 0.40175301384925843 -0.06523105944000201
v 0.013407999649643898 0.40175301384925843 -0.03974906051956134
v -0.07006300240755081 0.40175301384925843 0.06275894050993008
v 0.013407999649643898 0.40175301384925843 -0.03974906051956134
v 0.013407999649643898 0.40175301384925843 0.037246941826715896
v 0.013407999649643898 0.40175301384925843 0.037246941826715896
v 0.04974300041794777 0.40175301384925843 0.06275894050993008
v -0.07006300240755081 0.40175301384925843 0.06275894050993008
v 0.04974300041794777 0.40175301384925843 0.06275894050993008
v 0.013407999649643898 0.40175301384925843 0.037246941826715896
v 0.04974300041794777 0.40175301384925843 0.037246941826715896
v -1.3516180515289307 0.42919800233840943 -0.06523105944000201
v -1.2422239780426025 0.42919800233840943 -0.06523105944000201
v -1.3516180515289307 0.42919800233840943 0.06275894050993008
v -1.2422239780426025 0.42919800233840943 -0.06523105944000201
v -1.2422239780426025 0.42919800233840943 0.06275894050993008
v -1.3516180515289307 0.42919800233840943 0.06275894050993008
v -0.12286300212144852 0.6367529983520508 0.06275894050993008
v -1.1889909505844116 0.6447030062675476 0.06275894050993008
v -0.12286300212144852 0.6367529983520508 -0.06523105944000201
v -1.1889909505844116 0.6447030062675476 -0.06523105944000201
v -0.12286300212144852 0.6367529983520508 -0.06523105944000201
v -1.1889909505844116 0.6447030062675476 0.06275894050993008
v -0.44259101152420044 0.33316299867630006 -0.14125106180511432
v -0.11139299720525742 0.21316299390792848 -0.09474205667577701
v -0.42243099212646484 0.13241299790143968 -0.09474205667577701
v -1.3209919929504395 0.1822529937028885 -0.09474205667577701
v -0.44259101152420044 0.33316299867630006 -0.14125106180511432
v -0.42243099212646484 0.13241299790143968 -0.09474205667577701
v -0.44259101152420044 0.33316299867630006 -0.14125106180511432
v -1.3209919929504395 0.1822529937028885 -0.09474205667577701
v -1.3785929679870605 0.33316299867630006 -0.14125106180511432
v -0.11139299720525742 0.21316299390792848 -0.09474205667577701
v -0.44259101152420044 0.33316299867630006 -0.14125106180511432
v -0.11139299720525742 0.33316299867630006 -0.14125106180511432
v 0.032607998698949814 0.33316299867630006 -0.14125106180511432
v -0.11139299720525742 0.21316299390792848 -0.09474205667577701
v -0.11139299720525742 0.33316299867630006 -0.14125106180511432
v -0.11139299720525742 0.21316299390792848 -0.09474205667577701
v 0.032607998698949814 0.33316299867630006 -0.14125106180511432
v 0.032607998698949814 0.21316299390792848 -0.1137540533622356
v 0.09980800002813339 0.33316299867630006 -0.14125106180511432
v 0.032607998698949814 0.21316299390792848 -0.1137540533622356
v 0.032607998698949814 0.33316299867630006 -0.14125106180511432
v 0.09980800002813339 0.33316299867630006 -0.14125106180511432
v 0.09980800002813339 0.17316300225257875 -0.1137540533622356
v 0.032607998698949814 0.21316299390792848 -0.1137540533622356
v 0.14780700206756592 0.33316299867630006 -0.14125106180511432
v 0.09980800002813339 0.17316300225257875 -0.1137540533622356
v 0.09980800002813339 0.33316299867630006 -0.14125106180511432
v 0.14780700206756592 0.33316299867630006 -0.14125106180511432
v 0.14780700206756592 0.04316299957036972 -0.09474205667577701
v 0.09980800002813339 0.17316300225257875 -0.1137540533622356
v 0.14780700206756592 0.33316299867630006 -0.14125106180511432
v 0.19964799284934998 0.04316299957036972 -0.09474205667577701
v 0.14780700206756592 0.04316299957036972 -0.09474205667577701
v 0.19964799284934998 0.04316299957036972 -0.09474205667577701
v 0.14780700206756592 0.33316299867630006 -0.14125106180511432
v 0.22844700515270233 0.33316299867630006 -0.14125106180511432
v 0.2822059988975525 0.33316299867630006 -0.14125106180511432
v 0.19964799284934998 0.04316299957036972 -0.09474205667577701
v 0.22844700515270233 0.33316299867630006 -0.14125106180511432
v 0.19964799284934998 0.04316299957036972 -0.09474205667577701
v 0.2822059988975525 0.33316299867630006 -0.14125106180511432
v 0.44228801131248474 0.14222300601005555 -0.09474205667577701
v 0.44228801131248474 0.14222300601005555 -0.09474205667577701
v 0.2822059988975525 0.33316299867630006 -0.14125106180511432
v 0.44228801131248474 0.33316299867630006 -0.14125106180511432
v 0.61940598487854 0.33316299867630006 -0.14125106180511432
v 0.44228801131248474 0.14222300601005555 -0.09474205667577701
v 0.44228801131248474 0.33316299867630006 -0.14125106180511432
v 0.61940598487854 0.33316299867630006 -0.14125106180511432
v 0.61940598487854 -0.010586999461054802 -0.09474205667577701
v 0.44228801131248474 0.14222300601005555 -0.09474205667577701
v 0.7167999744415283 0.33316299867630006 -0.16523705864749866
v 0.61940598487854 -0.010586999461054802 -0.09474205667577701
v 0.61940598487854 0.33316299867630006 -0.14125106180511432
v 0.7167999744415283 0.33316299867630006 -0.16523705864749866
v 0.7167999744415283 -0.07565199780464173 -0.1107330589970203
v 0.61940598487854 -0.010586999461054802 -0.09474205667577701
v 0.7167999744415283 0.33316299867630006 -0.16523705864749866
v 0.8360310196876526 -0.07495200085639954 -0.1107330589970203
v 0.7167999744415283 -0.07565199780464173 -0.1107330589970203
v 0.8360310196876526 -0.07495200085639954 -0.1107330589970203
v 0.7167999744415283 0.33316299867630006 -0.16523705864749866
v 0.8942070007324219 0.33316299867630006 -0.16523705864749866
v 0.8942070007324219 0.33316299867630006 -0.16523705864749866
v 1.0403180122375488 -0.0688819979429245 -0.1107330589970203
v 0.8360310196876526 -0.07495200085639954 -0.1107330589970203
v 1.0403180122375488 -0.0688819979429245 -0.1107330589970203
v 0.8942070007324219 0.33316299867630006 -0.16523705864749866
v 1.1078070402145386 0.33316299867630006 -0.16523705864749866
v -0.4358710050582886 0.4331629927158356 -0.09074406022630649
v -0.11139299720525742 0.33316299867630006 -0.14125106180511432
v -0.44259101152420044 0.33316299867630006 -0.14125106180511432
v -0.44259101152420044 0.33316299867630006 -0.14125106180511432
v -1.3593930006027222 0.4331629927158356 -0.09074406022630649
v -0.4358710050582886 0.4331629927158356 -0.09074406022630649
v -1.3593930006027222 0.4331629927158356 -0.09074406022630649
v -0.44259101152420044 0.33316299867630006 -0.14125106180511432
v -1.3785929679870605 0.33316299867630006 -0.14125106180511432
v -0.11139299720525742 0.33316299867630006 -0.14125106180511432
v -0.4358710050582886 0.4331629927158356 -0.09074406022630649
v -0.11139299720525742 0.4331629927158356 -0.09074406022630649
v 0.032607998698949814 0.4331629927158356 -0.09074406022630649
v -0.11139299720525742 0.33316299867630006 -0.14125106180511432
v -0.11139299720525742 0.4331629927158356 -0.09074406022630649
v -0.11139299720525742 0.33316299867630006 -0.14125106180511432
v 0.032607998698949814 0.4331629927158356 -0.09074406022630649
v 0.032607998698949814 0.33316299867630006 -0.14125106180511432
v 0.09980800002813339 0.4331629927158356 -0.09074406022630649
v 0.032607998698949814 0.33316299867630006 -0.14125106180511432
v 0.032607998698949814 0.4331629927158356 -0.09074406022630649
v 0.032607998698949814 0.33316299867630006 -0.14125106180511432
v 0.09980800002813339 0.4331629927158356 -0.09074406022630649
v 0.09980800002813339 0.33316299867630006 -0.14125106180511432
v 0.14780700206756592 0.4331629927158356 -0.09074406022630649
v 0.09980800002813339 0.33316299867630006 -0.14125106180511432
v 0.09980800002813339 0.4331629927158356 -0.09074406022630649
v 0.09980800002813339 0.33316299867630006 -0.14125106180511432
v 0.14780700206756592 0.4331629927158356 -0.09074406022630649
v 0.14780700206756592 0.33316299867630006 -0.14125106180511432
v 0.22844700515270233 0.4331629927158356 -0.09074406022630649
v 0.14780700206756592 0.33316299867630006 -0.14125106180511432
v 0.14780700206756592 0.4331629927158356 -0.09074406022630649
v 0.14780700206756592 0.33316299867630006 -0.14125106180511432
v 0.22844700515270233 0.4331629927158356 -0.09074406022630649
v 0.22844700515270233 0.33316299867630006 -0.14125106180511432
v 0.2822059988975525 0.4331629927158356 -0.09074406022630649
v 0.22844700515270233 0.33316299867630006 -0.14125106180511432
v 0.22844700515270233 0.4331629927158356 -0.09074406022630649
v 0.22844700515270233 0.33316299867630006 -0.14125106180511432
v 0.2822059988975525 0.4331629927158356 -0.09074406022630649
v 0.2822059988975525 0.33316299867630006 -0.14125106180511432
v 0.44228801131248474 0.4331629927158356 -0.09074406022630649
v 0.2822059988975525 0.33316299867630006 -0.14125106180511432
v 0.2822059988975525 0.4331629927158356 -0.09074406022630649
v 0.2822059988975525 0.33316299867630006 -0.14125106180511432
v 0.44228801131248474 0.4331629927158356 -0.09074406022630649
v 0.44228801131248474 0.33316299867630006 -0.14125106180511432
v 0.61940598487854 0.4331629927158356 -0.09074406022630649
v 0.44228801131248474 0.33316299867630006 -0.14125106180511432
v 0.44228801131248474 0.4331629927158356 -0.09074406022630649
v 0.44228801131248474 0.33316299867630006 -0.14125106180511432
v 0.61940598487854 0.4331629927158356 -0.09074406022630649
v 0.61940598487854 0.33316299867630006 -0.14125106180511432
v 0.61940598487854 0.4331629927158356 -0.09074406022630649
v 0.7167999744415283 0.33316299867630006 -0.16523705864749866
v 0.61940598487854 0.33316299867630006 -0.14125106180511432
v 0.7167999744415283 0.33316299867630006 -0.16523705864749866
v 0.61940598487854 0.4331629927158356 -0.09074406022630649
v 0.7167999744415283 0.524328028678894 -0.10624705696903186
v 0.8942070007324219 0.524328028678894 -0.10624705696903186
v 0.7167999744415283 0.33316299867630006 -0.16523705864749866
v 0.7167999744415283 0.524328028678894 -0.10624705696903186
v 0.7167999744415283 0.33316299867630006 -0.16523705864749866
v 0.8942070007324219 0.524328028678894 -0.10624705696903186
v 0.8942070007324219 0.33316299867630006 -0.16523705864749866
v 1.04060697555542 0.524328028678894 -0.10624705696903186
v 0.8942070007324219 0.33316299867630006 -0.16523705864749866
v 0.8942070007324219 0.524328028678894 -0.10624705696903186
v 0.8942070007324219 0.33316299867630006 -0.16523705864749866
v 1.04060697555542 0.524328028678894 -0.10624705696903186
v 1.1078070402145386 0.33316299867630006 -0.16523705864749866
v -0.13145799934864044 0.25899799716472627 -0.08873005653224902
v -0.31044700741767883 -0.2750720028877258 -0.08873005653224902
v -0.4183509945869446 0.1861580069065094 -0.08873005653224902
v -0.31044700741767883 -0.2750720028877258 -0.08873005653224902
v -0.13145799934864044 0.25899799716472627 -0.08873005653224902
v -0.02355399914085865 -0.20223199772834777 -0.08873005653224902
v -0.31044700741767883 -0.2750720028877258 -0.08873005653224902
v -0.02355399914085865 -0.20223199772834777 -0.08873005653224902
v -0.016112999990582466 -0.2339769994020462 -0.08873005653224902
v -0.016112999990582466 -0.2339769994020462 -0.08873005653224902
v -0.33348900079727173 -0.31455200362205504 -0.08873005653224902
v -0.31044700741767883 -0.2750720028877258 -0.08873005653224902
v -0.016112999990582466 -0.2339769994020462 -0.08873005653224902
v -0.3186579942703247 -0.378047013759613 -0.08873005653224902
v -0.33348900079727173 -0.31455200362205504 -0.08873005653224902
v -0.3186579942703247 -0.378047013759613 -0.08873005653224902
v -0.016112999990582466 -0.2339769994020462 -0.08873005653224902
v -0.0012329999590292573 -0.297471994638443 -0.08873005653224902
v -0.07006300240755081 0.5717530007362366 -0.06523105944000201
v 0.04974300041794777 0.6513880248069763 -0.06523105944000201
v 0.04974300041794777 0.40175301384925843 -0.06523105944000201
v -0.07006300240755081 0.40175301384925843 -0.06523105944000201
v -0.07006300240755081 0.5717530007362366 -0.06523105944000201
v 0.04974300041794777 0.40175301384925843 -0.06523105944000201
v -0.12286300212144852 0.6367529983520508 -0.06523105944000201
v 0.04974300041794777 0.6513880248069763 -0.06523105944000201
v -0.07006300240755081 0.5717530007362366 -0.06523105944000201
v 0.04974300041794777 0.6513880248069763 -0.06523105944000201
v -0.12286300212144852 0.6367529983520508 -0.06523105944000201
v -0.02739199995994568 0.751753007888794 -0.06523105944000201
v -1.1889909505844116 0.6447030062675476 -0.06523105944000201
v -0.02739199995994568 0.751753007888794 -0.06523105944000201
v -0.12286300212144852 0.6367529983520508 -0.06523105944000201
v -0.02739199995994568 0.751753007888794 -0.06523105944000201
v -1.1889909505844116 0.6447030062675476 -0.06523105944000201
v -1.294592022895813 0.7134129757881165 -0.06523105944000201
v -1.2422239780426025 0.5662430281639099 -0.06523105944000201
v -1.294592022895813 0.7134129757881165 -0.06523105944000201
v -1.1889909505844116 0.6447030062675476 -0.06523105944000201
v -1.294592022895813 0.7134129757881165 -0.06523105944000201
v -1.2422239780426025 0.5662430281639099 -0.06523105944000201
v -1.3516180515289307 0.6116379852294922 -0.06523105944000201
v -1.3516180515289307 0.6116379852294922 -0.06523105944000201
v -1.2422239780426025 0.5662430281639099 -0.06523105944000201
v -1.3516180515289307 0.42919800233840943 -0.06523105944000201
v -1.3516180515289307 0.42919800233840943 -0.06523105944000201
v -1.2422239780426025 0.5662430281639099 -0.06523105944000201
v -1.2422239780426025 0.42919800233840943 -0.06523105944000201
v -0.0476979985833168 0.6637130136489868 0.037246941826715896
v -1.294592022895813 0.7134129757881165 0.037246941826715896
v -0.02739199995994568 0.751753007888794 0.037246941826715896
v -0.0476979985833168 0.6637130136489868 0.037246941826715896
v -1.3326079845428467 0.6430579776763916 0.037246941826715896
v -1.294592022895813 0.7134129757881165 0.037246941826715896
v 0.04974300041794777 0.6513880248069763 0.037246941826715896
v -0.0476979985833168 0.6637130136489868 0.037246941826715896
v -0.02739199995994568 0.751753007888794 0.037246941826715896
v -0.0476979985833168 0.6637130136489868 0.037246941826715896
v 0.04974300041794777 0.6513880248069763 0.037246941826715896
v 0.013407999649643898 0.624097978591919 0.037246941826715896
v 0.04974300041794777 0.40175301384925843 0.037246941826715896
v 0.013407999649643898 0.624097978591919 0.037246941826715896
v 0.04974300041794777 0.6513880248069763 0.037246941826715896
v 0.013407999649643898 0.624097978591919 0.037246941826715896
v 0.04974300041794777 0.40175301384925843 0.037246941826715896
v 0.013407999649643898 0.40175301384925843 0.037246941826715896
v 1.127007007598877 0.3317529911994934 -0.1767430647691341
v 1.127007007598877 0.3317529911994934 0.17427093838848157
v 1.069936990737915 -0.08203199702501297 -0.12425205553375201
v 1.069936990737915 -0.08203199702501297 -0.12425205553375201
v 1.127007007598877 0.3317529911994934 0.17427093838848157
v 1.069936990737915 -0.08203199702501297 0.12174994056619687
v 1.127007007598877 0.3317529911994934 0.17427093838848157
v 1.050205945968628 0.5317529792785645 -0.11525005544029193
v 1.050205945968628 0.5317529792785645 0.11225894396699948
v 1.050205945968628 0.5317529792785645 -0.11525005544029193
v 1.127007007598877 0.3317529911994934 0.17427093838848157
v 1.127007007598877 0.3317529911994934 -0.1767430647691341
v 0.5644959807395935 0.44022301387786866 0.09526094352401776
v 0.5644959807395935 0.3328029866218567 -0.1537320658048244
v 0.5644959807395935 0.44022301387786866 -0.09825105661951022
v 0.5644959807395935 0.3328029866218567 0.15077194129623456
v 0.5644959807395935 0.3328029866218567 -0.1537320658048244
v 0.5644959807395935 0.44022301387786866 0.09526094352401776
v 0.38151898980140686 0.20464799356460572 -0.1207430555900188
v 0.38151898980140686 0.2766479904651642 0.1362459391871838
v 0.38151898980140686 0.20464799356460572 0.11775194411672635
v 0.38151898980140686 0.2766479904651642 0.1362459391871838
v 0.38151898980140686 0.20464799356460572 -0.1207430555900188
v 0.38151898980140686 0.2766479904651642 -0.13923605228267627
v -0.06833799928426743 0.7517729754447937 -0.023727060057744553
v -0.06833799928426743 0.7517729754447937 0.020766941137090156
v -0.06833799928426743 0.7433680052757263 -0.0012360585337133911
v -0.06833799928426743 0.7356829996109009 0.01725794119335694
v -0.06833799928426743 0.7433680052757263 -0.0012360585337133911
v -0.06833799928426743 0.7517729754447937 0.020766941137090156
v -0.06833799928426743 0.7356829996109009 -0.019730058260783723
v -0.06833799928426743 0.7517729754447937 -0.023727060057744553
v -0.06833799928426743 0.7433680052757263 -0.0012360585337133911
v -0.06833799928426743 0.7391180152893067 0.033767941645756194
v -0.06833799928426743 0.7356829996109009 0.01725794119335694
v -0.06833799928426743 0.7517729754447937 0.020766941137090156
v -0.06833799928426743 0.7356829996109009 -0.019730058260783723
v -0.06833799928426743 0.7391180152893067 -0.036240060575828126
v -0.06833799928426743 0.7517729754447937 -0.023727060057744553
v -0.06833799928426743 0.717128014087677 0.024764941311850974
v -0.06833799928426743 0.7356829996109009 0.01725794119335694
v -0.06833799928426743 0.7391180152893067 0.033767941645756194
v -0.06833799928426743 0.7391180152893067 -0.036240060575828126
v -0.06833799928426743 0.7356829996109009 -0.019730058260783723
v -0.06833799928426743 0.717128014087677 -0.027725060232505372
v -0.06833799928426743 0.7391180152893067 0.033767941645756194
v -0.06833799928426743 0.6736479754447937 0.033767941645756194
v -0.06833799928426743 0.717128014087677 0.024764941311850974
v -0.06833799928426743 0.6736479754447937 -0.036240060575828126
v -0.06833799928426743 0.7391180152893067 -0.036240060575828126
v -0.06833799928426743 0.717128014087677 -0.027725060232505372
v -0.06833799928426743 0.6736479754447937 0.033767941645756194
v -0.06833799928426743 0.6985730285644531 0.01725794119335694
v -0.06833799928426743 0.717128014087677 0.024764941311850974
v -0.06833799928426743 0.6736479754447937 -0.036240060575828126
v -0.06833799928426743 0.717128014087677 -0.027725060232505372
v -0.06833799928426743 0.6985730285644531 -0.019730058260783723
v -0.06833799928426743 0.6736479754447937 0.033767941645756194
v -0.06833799928426743 0.6908880228996277 -0.0012360585337133911
v -0.06833799928426743 0.6985730285644531 0.01725794119335694
v -0.06833799928426743 0.6736479754447937 -0.036240060575828126
v -0.06833799928426743 0.6985730285644531 -0.019730058260783723
v -0.06833799928426743 0.6908880228996277 -0.0012360585337133911
v -0.06833799928426743 0.6908880228996277 -0.0012360585337133911
v -0.06833799928426743 0.6736479754447937 0.033767941645756194
v -0.06833799928426743 0.6736479754447937 -0.036240060575828126
v -0.5032169818878174 0.1538379992246628 -0.08873005653224902
v -0.5580790042877197 0.0574379990696907 -0.04524206066928821
v -0.5467519760131836 0.07637300145626068 -0.08873005653224902
v -0.5032169818878174 0.1538379992246628 0.08625793760217709
v -0.5580790042877197 0.0574379990696907 -0.04524206066928821
v -0.5032169818878174 0.1538379992246628 -0.08873005653224902
v -0.5580790042877197 0.0574379990696907 -0.04524206066928821
v -0.5032169818878174 0.1538379992246628 0.08625793760217709
v -0.5580790042877197 0.0574379990696907 0.04276994173921628
v -0.5580790042877197 0.0574379990696907 0.04276994173921628
v -0.5032169818878174 0.1538379992246628 0.08625793760217709
v -0.5467519760131836 0.07637300145626068 0.08625793760217709
v -0.05283299833536148 0.6628079767227173 0.035262941620722243
v -0.06027400121092796 0.6815280075073242 -0.037735060550794175
v -0.06027400121092796 0.6815280075073242 0.035262941620722243
v -0.06027400121092796 0.6815280075073242 -0.037735060550794175
v -0.05283299833536148 0.6628079767227173 0.035262941620722243
v -0.05283299833536148 0.6628079767227173 -0.037735060550794175
v -0.06027400121092796 0.6440880055427551 0.035262941620722243
v -0.05283299833536148 0.6628079767227173 -0.037735060550794175
v -0.05283299833536148 0.6628079767227173 0.035262941620722243
v -0.05283299833536148 0.6628079767227173 -0.037735060550794175
v -0.06027400121092796 0.6440880055427551 0.035262941620722243
v -0.06027400121092796 0.6440880055427551 -0.037735060550794175
v -1.2509139776229858 0.6406429762840271 -0.037735060550794175
v -1.2570550441741943 0.6251029725074768 0.03477494163013978
v -1.2570550441741943 0.6251029725074768 -0.037735060550794175
v -1.2570550441741943 0.6251029725074768 0.03477494163013978
v -1.2509139776229858 0.6406429762840271 -0.037735060550794175
v -1.2509139776229858 0.6406429762840271 0.03477494163013978
v -1.2570550441741943 0.6561879868507385 -0.037735060550794175
v -1.2509139776229858 0.6406429762840271 0.03477494163013978
v -1.2509139776229858 0.6406429762840271 -0.037735060550794175
v -1.2509139776229858 0.6406429762840271 0.03477494163013978
v -1.2570550441741943 0.6561879868507385 -0.037735060550794175
v -1.2570550441741943 0.6561879868507385 0.03477494163013978
v -0.8025910258293152 0.4331629927158356 -0.05125406081281619
v -0.8025910258293152 0.41815299344062806 0.04875194211997075
v -0.8025910258293152 0.41815299344062806 -0.05125406081281619
v -0.8025910258293152 0.41815299344062806 0.04875194211997075
v -0.8025910258293152 0.4331629927158356 -0.05125406081281619
v -0.8025910258293152 0.4331629927158356 0.04875194211997075
v -1.261904001235962 0.7116979713439942 0.033767941645756194
v -1.261904001235962 0.6931429858207703 0.01725794119335694
v -1.261904001235962 0.7116979713439942 0.024764941311850974
v -1.261904001235962 0.6931429858207703 0.01725794119335694
v -1.261904001235962 0.7116979713439942 0.033767941645756194
v -1.261904001235962 0.6579529995918274 0.033767941645756194
v -1.261904001235962 0.6579529995918274 0.033767941645756194
v -1.261904001235962 0.6854579801559448 -0.0012360585337133911
v -1.261904001235962 0.6931429858207703 0.01725794119335694
v -1.261904001235962 0.6579529995918274 -0.03672805870376544
v -1.261904001235962 0.6854579801559448 -0.0012360585337133911
v -1.261904001235962 0.6579529995918274 0.033767941645756194
v -1.261904001235962 0.6854579801559448 -0.0012360585337133911
v -1.261904001235962 0.6579529995918274 -0.03672805870376544
v -1.261904001235962 0.6931429858207703 -0.019730058260783723
v -1.261904001235962 0.7116979713439942 -0.03672805870376544
v -1.261904001235962 0.6931429858207703 -0.019730058260783723
v -1.261904001235962 0.6579529995918274 -0.03672805870376544
v -1.261904001235962 0.6931429858207703 -0.019730058260783723
v -1.261904001235962 0.7116979713439942 -0.03672805870376544
v -1.261904001235962 0.7116979713439942 -0.027725060232505372
v -1.2686710357666016 0.7112779970169067 -0.000748058543130925
v -1.2686710357666016 0.6748329753875733 -0.012741059758290818
v -1.2686710357666016 0.7112779970169067 -0.001755058527514508
v -1.2686710357666016 0.6748329753875733 -0.012741059758290818
v -1.2686710357666016 0.7112779970169067 -0.000748058543130925
v -1.2686710357666016 0.6748329753875733 0.01026894106104953
v -1.634672999382019 0.2691130096912384 -0.05574005539022403
v -1.634672999382019 0.26496300649642945 -0.0012360585337133911
v -1.634672999382019 0.24634300720691682 -0.0012360585337133911
v -1.634672999382019 0.26496300649642945 -0.0012360585337133911
v -1.634672999382019 0.2691130096912384 0.05274994229473157
v -1.634672999382019 0.24634300720691682 -0.0012360585337133911
v -1.634672999382019 0.26496300649642945 -0.0012360585337133911
v -1.634672999382019 0.2691130096912384 -0.05574005539022403
v -1.634672999382019 0.28227300000190736 -0.04322806070052104
v -1.634672999382019 0.2691130096912384 0.05274994229473157
v -1.634672999382019 0.26496300649642945 -0.0012360585337133911
v -1.634672999382019 0.28227300000190736 0.040267941779866645
v -1.634672999382019 0.32407799911499025 0.07527194475330395
v -1.634672999382019 0.2691130096912384 0.05274994229473157
v -1.634672999382019 0.28227300000190736 0.040267941779866645
v -1.634672999382019 0.28227300000190736 0.040267941779866645
v -1.634672999382019 0.32407799911499025 0.05775494059123082
v -1.634672999382019 0.32407799911499025 0.07527194475330395
v -1.634672999382019 0.32407799911499025 -0.0782320618113132
v -1.634672999382019 0.28227300000190736 -0.04322806070052104
v -1.634672999382019 0.2691130096912384 -0.05574005539022403
v -1.634672999382019 0.28227300000190736 -0.04322806070052104
v -1.634672999382019 0.32407799911499025 -0.0782320618113132
v -1.634672999382019 0.32407799911499025 -0.060226057418212464
v -1.634672999382019 0.32407799911499025 -0.0782320618113132
v -1.634672999382019 0.365877991437912 -0.04322806070052104
v -1.634672999382019 0.32407799911499025 -0.060226057418212464
v -1.634672999382019 0.365877991437912 -0.04322806070052104
v -1.634672999382019 0.32407799911499025 -0.0782320618113132
v -1.634672999382019 0.3790429885387421 -0.05574005539022403
v -1.634672999382019 0.3790429885387421 -0.05574005539022403
v -1.634672999382019 0.38319299173355104 -0.0012360585337133911
v -1.634672999382019 0.365877991437912 -0.04322806070052104
v -1.634672999382019 0.3790429885387421 -0.05574005539022403
v -1.634672999382019 0.40180799913406373 -0.0012360585337133911
v -1.634672999382019 0.38319299173355104 -0.0012360585337133911
v -1.634672999382019 0.3790429885387421 0.05274994229473157
v -1.634672999382019 0.38319299173355104 -0.0012360585337133911
v -1.634672999382019 0.40180799913406373 -0.0012360585337133911
v -1.634672999382019 0.38319299173355104 -0.0012360585337133911
v -1.634672999382019 0.3790429885387421 0.05274994229473157
v -1.634672999382019 0.365877991437912 0.040267941779866645
v -1.634672999382019 0.32407799911499025 0.07527194475330395
v -1.634672999382019 0.365877991437912 0.040267941779866645
v -1.634672999382019 0.3790429885387421 0.05274994229473157
v -1.634672999382019 0.365877991437912 0.040267941779866645
v -1.634672999382019 0.32407799911499025 0.07527194475330395
v -1.634672999382019 0.32407799911499025 0.05775494059123082
v -0.08720199763774872 0.7517729754447937 -0.023727060057744553
v -0.08720199763774872 0.7517729754447937 0.020766941137090156
v -0.06833799928426743 0.7517729754447937 -0.023727060057744553
v -0.06833799928426743 0.7517729754447937 -0.023727060057744553
v -0.08720199763774872 0.7517729754447937 0.020766941137090156
v -0.06833799928426743 0.7517729754447937 0.020766941137090156
v -0.08720199763774872 0.6908880228996277 -0.0012360585337133911
v -0.08720199763774872 0.6985730285644531 0.01725794119335694
v -0.06833799928426743 0.6985730285644531 0.01725794119335694
v -0.06833799928426743 0.6908880228996277 -0.0012360585337133911
v -0.08720199763774872 0.6908880228996277 -0.0012360585337133911
v -0.06833799928426743 0.6985730285644531 0.01725794119335694
v -0.08720199763774872 0.6985730285644531 -0.019730058260783723
v -0.08720199763774872 0.6908880228996277 -0.0012360585337133911
v -0.06833799928426743 0.6908880228996277 -0.0012360585337133911
v -0.06833799928426743 0.6985730285644531 -0.019730058260783723
v -0.08720199763774872 0.6985730285644531 -0.019730058260783723
v -0.06833799928426743 0.6908880228996277 -0.0012360585337133911
v -1.2807669639587402 0.7116979713439942 -0.03672805870376544
v -1.261904001235962 0.7116979713439942 -0.027725060232505372
v -1.261904001235962 0.7116979713439942 -0.03672805870376544
v -1.261904001235962 0.7116979713439942 -0.027725060232505372
v -1.2807669639587402 0.7116979713439942 -0.03672805870376544
v -1.2807669639587402 0.7116979713439942 -0.027725060232505372
v -1.2807669639587402 0.7116979713439942 0.033767941645756194
v -1.261904001235962 0.7116979713439942 0.033767941645756194
v -1.2807669639587402 0.7116979713439942 0.024764941311850974
v -1.261904001235962 0.7116979713439942 0.024764941311850974
v -1.2807669639587402 0.7116979713439942 0.024764941311850974
v -1.261904001235962 0.7116979713439942 0.033767941645756194
v -1.2686710357666016 0.7112779970169067 -0.001755058527514508
v -1.2752009630203247 0.7112779970169067 -0.001755058527514508
v -1.2752009630203247 0.7112779970169067 -0.000748058543130925
v -1.2686710357666016 0.7112779970169067 -0.001755058527514508
v -1.2752009630203247 0.7112779970169067 -0.000748058543130925
v -1.2686710357666016 0.7112779970169067 -0.000748058543130925
v -1.2807669639587402 0.6854579801559448 -0.0012360585337133911
v -1.2807669639587402 0.6931429858207703 0.01725794119335694
v -1.261904001235962 0.6931429858207703 0.01725794119335694
v -1.261904001235962 0.6854579801559448 -0.0012360585337133911
v -1.2807669639587402 0.6854579801559448 -0.0012360585337133911
v -1.261904001235962 0.6931429858207703 0.01725794119335694
v -1.2807669639587402 0.6931429858207703 -0.019730058260783723
v -1.2807669639587402 0.6854579801559448 -0.0012360585337133911
v -1.261904001235962 0.6854579801559448 -0.0012360585337133911
v -1.261904001235962 0.6931429858207703 -0.019730058260783723
v -1.2807669639587402 0.6931429858207703 -0.019730058260783723
v -1.261904001235962 0.6854579801559448 -0.0012360585337133911
v -1.701151967048645 0.28479800176620484 -0.04023705864749866
v -1.9071199893951416 0.28479800176620484 -0.04023705864749866
v -1.701151967048645 0.26852799010276795 -0.0012360585337133911
v -1.9071199893951416 0.26852799010276795 -0.0012360585337133911
v -1.701151967048645 0.26852799010276795 -0.0012360585337133911
v -1.9071199893951416 0.28479800176620484 -0.04023705864749866
v -1.701151967048645 0.26852799010276795 -0.0012360585337133911
v -1.9071199893951416 0.26852799010276795 -0.0012360585337133911
v -1.701151967048645 0.28479800176620484 0.037246941826715896
v -1.9071199893951416 0.28479800176620484 0.037246941826715896
v -1.701151967048645 0.28479800176620484 0.037246941826715896
v -1.9071199893951416 0.26852799010276795 -0.0012360585337133911
v -1.3119679689407349 0.365877991437912 -0.04322806070052104
v -1.634672999382019 0.365877991437912 -0.04322806070052104
v -1.3119679689407349 0.38319299173355104 -0.0012360585337133911
v -1.634672999382019 0.38319299173355104 -0.0012360585337133911
v -1.3119679689407349 0.38319299173355104 -0.0012360585337133911
v -1.634672999382019 0.365877991437912 -0.04322806070052104
v -1.3119679689407349 0.38319299173355104 -0.0012360585337133911
v -1.634672999382019 0.38319299173355104 -0.0012360585337133911
v -1.3119679689407349 0.365877991437912 0.040267941779866645
v -1.634672999382019 0.365877991437912 0.040267941779866645
v -1.3119679689407349 0.365877991437912 0.040267941779866645
v -1.634672999382019 0.38319299173355104 -0.0012360585337133911
v -0.06833799928426743 0.7517729754447937 0.020766941137090156
v -0.08720199763774872 0.7391180152893067 0.033767941645756194
v -0.06833799928426743 0.7391180152893067 0.033767941645756194
v -0.08720199763774872 0.7517729754447937 0.020766941137090156
v -0.08720199763774872 0.7391180152893067 0.033767941645756194
v -0.06833799928426743 0.7517729754447937 0.020766941137090156
v -0.06833799928426743 0.7391180152893067 -0.036240060575828126
v -0.08720199763774872 0.7391180152893067 -0.036240060575828126
v -0.08720199763774872 0.7517729754447937 -0.023727060057744553
v -0.06833799928426743 0.7391180152893067 -0.036240060575828126
v -0.08720199763774872 0.7517729754447937 -0.023727060057744553
v -0.06833799928426743 0.7517729754447937 -0.023727060057744553
v 0.9254080057144165 0.5317529792785645 -0.11525005544029193
v 0.9254080057144165 0.5317529792785645 0.11225894396699948
v 1.050205945968628 0.5317529792785645 -0.11525005544029193
v 1.050205945968628 0.5317529792785645 -0.11525005544029193
v 0.9254080057144165 0.5317529792785645 0.11225894396699948
v 1.050205945968628 0.5317529792785645 0.11225894396699948
v -1.9071199893951416 0.40180799913406373 -0.0012360585337133911
v -1.634672999382019 0.3790429885387421 -0.05574005539022403
v -1.9071199893951416 0.3790429885387421 -0.05574005539022403
v -1.634672999382019 0.3790429885387421 -0.05574005539022403
v -1.9071199893951416 0.40180799913406373 -0.0012360585337133911
v -1.634672999382019 0.40180799913406373 -0.0012360585337133911
v -1.9071199893951416 0.3790429885387421 0.05274994229473157
v -1.634672999382019 0.40180799913406373 -0.0012360585337133911
v -1.9071199893951416 0.40180799913406373 -0.0012360585337133911
v -1.634672999382019 0.40180799913406373 -0.0012360585337133911
v -1.9071199893951416 0.3790429885387421 0.05274994229473157
v -1.634672999382019 0.3790429885387421 0.05274994229473157
v -0.0782260000705719 0.689282989025116 -0.037735060550794175
v -0.06027400121092796 0.6815280075073242 0.035262941620722243
v -0.06027400121092796 0.6815280075073242 -0.037735060550794175
v -0.06027400121092796 0.6815280075073242 0.035262941620722243
v -0.0782260000705719 0.689282989025116 -0.037735060550794175
v -0.0782260000705719 0.689282989025116 0.035262941620722243
v -0.0782260000705719 0.689282989025116 0.035262941620722243
v -0.09622500091791153 0.6815280075073242 -0.037735060550794175
v -0.09622500091791153 0.6815280075073242 0.035262941620722243
v -0.09622500091791153 0.6815280075073242 -0.037735060550794175
v -0.0782260000705719 0.689282989025116 0.035262941620722243
v -0.0782260000705719 0.689282989025116 -0.037735060550794175
v -1.286911964416504 0.6561879868507385 -0.037735060550794175
v -1.2719850540161133 0.6626279706954956 0.03477494163013978
v -1.2719850540161133 0.6626279706954956 -0.037735060550794175
v -1.2719850540161133 0.6626279706954956 0.03477494163013978
v -1.286911964416504 0.6561879868507385 -0.037735060550794175
v -1.286911964416504 0.6561879868507385 0.03477494163013978
v -1.2719850540161133 0.6626279706954956 -0.037735060550794175
v -1.2570550441741943 0.6561879868507385 0.03477494163013978
v -1.2570550441741943 0.6561879868507385 -0.037735060550794175
v -1.2570550441741943 0.6561879868507385 0.03477494163013978
v -1.2719850540161133 0.6626279706954956 -0.037735060550794175
v -1.2719850540161133 0.6626279706954956 0.03477494163013978
v 0.5644959807395935 0.44022301387786866 -0.09825105661951022
v 0.1070069968700409 0.44022301387786866 -0.09825105661951022
v 0.1070069968700409 0.44022301387786866 0.09526094352401776
v 0.5644959807395935 0.44022301387786866 -0.09825105661951022
v 0.1070069968700409 0.44022301387786866 0.09526094352401776
v 0.5644959807395935 0.44022301387786866 0.09526094352401776
v -0.8025910258293152 0.41815299344062806 -0.05125406081281619
v -0.14979399740695953 0.41815299344062806 0.04875194211997075
v -0.14979399740695953 0.41815299344062806 -0.05125406081281619
v -0.14979399740695953 0.41815299344062806 0.04875194211997075
v -0.8025910258293152 0.41815299344062806 -0.05125406081281619
v -0.8025910258293152 0.41815299344062806 0.04875194211997075
v -0.08720199763774872 0.6985730285644531 -0.019730058260783723
v -0.06833799928426743 0.6985730285644531 -0.019730058260783723
v -0.06833799928426743 0.717128014087677 -0.027725060232505372
v -0.08720199763774872 0.6985730285644531 -0.019730058260783723
v -0.06833799928426743 0.717128014087677 -0.027725060232505372
v -0.08720199763774872 0.717128014087677 -0.027725060232505372
v -0.08720199763774872 0.717128014087677 -0.027725060232505372
v -0.06833799928426743 0.717128014087677 -0.027725060232505372
v -0.06833799928426743 0.7356829996109009 -0.019730058260783723
v -0.08720199763774872 0.717128014087677 -0.027725060232505372
v -0.06833799928426743 0.7356829996109009 -0.019730058260783723
v -0.08720199763774872 0.7356829996109009 -0.019730058260783723
v -1.2807669639587402 0.6931429858207703 -0.019730058260783723
v -1.261904001235962 0.6931429858207703 -0.019730058260783723
v -1.261904001235962 0.7116979713439942 -0.027725060232505372
v -1.2807669639587402 0.6931429858207703 -0.019730058260783723
v -1.261904001235962 0.7116979713439942 -0.027725060232505372
v -1.2807669639587402 0.7116979713439942 -0.027725060232505372
v 1.0022059679031372 0.3317529911994934 0.17427093838848157
v 0.9448469877243042 -0.08674200075864792 0.12174994056619687
v 1.069936990737915 -0.08203199702501297 0.12174994056619687
v 1.069936990737915 -0.08203199702501297 0.12174994056619687
v 1.127007007598877 0.3317529911994934 0.17427093838848157
v 1.0022059679031372 0.3317529911994934 0.17427093838848157
v -1.9071199893951416 0.3633529896736145 -0.04023705864749866
v -1.701151967048645 0.32407799911499025 -0.05622905934654193
v -1.701151967048645 0.3633529896736145 -0.04023705864749866
v -1.701151967048645 0.32407799911499025 -0.05622905934654193
v -1.9071199893951416 0.3633529896736145 -0.04023705864749866
v -1.9071199893951416 0.32407799911499025 -0.05622905934654193
v -1.9071199893951416 0.32407799911499025 -0.05622905934654193
v -1.701151967048645 0.28479800176620484 -0.04023705864749866
v -1.701151967048645 0.32407799911499025 -0.05622905934654193
v -1.701151967048645 0.28479800176620484 -0.04023705864749866
v -1.9071199893951416 0.32407799911499025 -0.05622905934654193
v -1.9071199893951416 0.28479800176620484 -0.04023705864749866
v -1.3119679689407349 0.28227300000190736 0.040267941779866645
v -1.634672999382019 0.32407799911499025 0.05775494059123082
v -1.634672999382019 0.28227300000190736 0.040267941779866645
v -1.634672999382019 0.32407799911499025 0.05775494059123082
v -1.3119679689407349 0.28227300000190736 0.040267941779866645
v -1.3119679689407349 0.32407799911499025 0.05775494059123082
v -1.634672999382019 0.365877991437912 0.040267941779866645
v -1.3119679689407349 0.32407799911499025 0.05775494059123082
v -1.3119679689407349 0.365877991437912 0.040267941779866645
v -1.3119679689407349 0.32407799911499025 0.05775494059123082
v -1.634672999382019 0.365877991437912 0.040267941779866645
v -1.634672999382019 0.32407799911499025 0.05775494059123082
v 1.127007007598877 0.3317529911994934 0.17427093838848157
v 1.050205945968628 0.5317529792785645 0.11225894396699948
v 1.0022059679031372 0.3317529911994934 0.17427093838848157
v 1.0022059679031372 0.3317529911994934 0.17427093838848157
v 1.050205945968628 0.5317529792785645 0.11225894396699948
v 0.9254080057144165 0.5317529792785645 0.11225894396699948
v 0.5644959807395935 0.44022301387786866 0.09526094352401776
v 0.1070069968700409 0.44022301387786866 0.09526094352401776
v 0.5644959807395935 0.3328029866218567 0.15077194129623456
v 0.1070069968700409 0.3328029866218567 0.15077194129623456
v 0.5644959807395935 0.3328029866218567 0.15077194129623456
v 0.1070069968700409 0.44022301387786866 0.09526094352401776
v 0.38151898980140686 0.2766479904651642 0.1362459391871838
v 0.1070069968700409 0.3328029866218567 0.15077194129623456
v 0.2899850010871887 0.2766479904651642 0.1362459391871838
v 0.1070069968700409 0.3328029866218567 0.15077194129623456
v 0.38151898980140686 0.2766479904651642 0.1362459391871838
v 0.5644959807395935 0.3328029866218567 0.15077194129623456
v 0.2899850010871887 0.20464799356460572 0.11775194411672635
v 0.38151898980140686 0.20464799356460572 0.11775194411672635
v 0.38151898980140686 0.2766479904651642 0.1362459391871838
v 0.2899850010871887 0.20464799356460572 0.11775194411672635
v 0.38151898980140686 0.2766479904651642 0.1362459391871838
v 0.2899850010871887 0.2766479904651642 0.1362459391871838
v -0.5467519760131836 0.07637300145626068 0.08625793760217709
v -1.2963199615478516 0.19284299564361573 0.08625793760217709
v -1.2999199628829956 0.11341299664974212 0.08625793760217709
v -1.2963199615478516 0.19284299564361573 0.08625793760217709
v -0.5467519760131836 0.07637300145626068 0.08625793760217709
v -0.5032169818878174 0.1538379992246628 0.08625793760217709
v -0.08720199763774872 0.7391180152893067 0.033767941645756194
v -0.08720199763774872 0.6736479754447937 0.033767941645756194
v -0.06833799928426743 0.6736479754447937 0.033767941645756194
v -0.06833799928426743 0.6736479754447937 0.033767941645756194
v -0.06833799928426743 0.7391180152893067 0.033767941645756194
v -0.08720199763774872 0.7391180152893067 0.033767941645756194
v -1.2752009630203247 0.7112779970169067 -0.000748058543130925
v -1.2752009630203247 0.6748329753875733 0.01026894106104953
v -1.2686710357666016 0.6748329753875733 0.01026894106104953
v -1.2686710357666016 0.6748329753875733 0.01026894106104953
v -1.2686710357666016 0.7112779970169067 -0.000748058543130925
v -1.2752009630203247 0.7112779970169067 -0.000748058543130925
v -0.10366600006818771 0.6628079767227173 0.035262941620722243
v -0.06027400121092796 0.6815280075073242 0.035262941620722243
v -0.09622500091791153 0.6815280075073242 0.035262941620722243
v -0.09622500091791153 0.6815280075073242 0.035262941620722243
v -0.06027400121092796 0.6815280075073242 0.035262941620722243
v -0.0782260000705719 0.689282989025116 0.035262941620722243
v -0.06027400121092796 0.6815280075073242 0.035262941620722243
v -0.10366600006818771 0.6628079767227173 0.035262941620722243
v -0.0782260000705719 0.6363379712104797 0.035262941620722243
v -0.0782260000705719 0.6363379712104797 0.035262941620722243
v -0.10366600006818771 0.6628079767227173 0.035262941620722243
v -0.09622500091791153 0.6440880055427551 0.035262941620722243
v -0.06027400121092796 0.6815280075073242 0.035262941620722243
v -0.0782260000705719 0.6363379712104797 0.035262941620722243
v -0.06027400121092796 0.6440880055427551 0.035262941620722243
v -0.06027400121092796 0.6815280075073242 0.035262941620722243
v -0.06027400121092796 0.6440880055427551 0.035262941620722243
v -0.05283299833536148 0.6628079767227173 0.035262941620722243
v -1.2931050062179565 0.6406429762840271 0.03477494163013978
v -1.2719850540161133 0.6186629886627197 0.03477494163013978
v -1.286911964416504 0.6561879868507385 0.03477494163013978
v -1.2719850540161133 0.6186629886627197 0.03477494163013978
v -1.2931050062179565 0.6406429762840271 0.03477494163013978
v -1.286911964416504 0.6251029725074768 0.03477494163013978
v -1.2719850540161133 0.6186629886627197 0.03477494163013978
v -1.2570550441741943 0.6561879868507385 0.03477494163013978
v -1.286911964416504 0.6561879868507385 0.03477494163013978
v -1.286911964416504 0.6561879868507385 0.03477494163013978
v -1.2570550441741943 0.6561879868507385 0.03477494163013978
v -1.2719850540161133 0.6626279706954956 0.03477494163013978
v -1.2570550441741943 0.6561879868507385 0.03477494163013978
v -1.2719850540161133 0.6186629886627197 0.03477494163013978
v -1.2509139776229858 0.6406429762840271 0.03477494163013978
v -1.2509139776229858 0.6406429762840271 0.03477494163013978
v -1.2719850540161133 0.6186629886627197 0.03477494163013978
v -1.2570550441741943 0.6251029725074768 0.03477494163013978
v -1.261904001235962 0.6579529995918274 0.033767941645756194
v -1.2807669639587402 0.7116979713439942 0.033767941645756194
v -1.2807669639587402 0.6579529995918274 0.033767941645756194
v -1.2807669639587402 0.7116979713439942 0.033767941645756194
v -1.261904001235962 0.6579529995918274 0.033767941645756194
v -1.261904001235962 0.7116979713439942 0.033767941645756194
v -1.9071199893951416 0.2691130096912384 0.05274994229473157
v -1.634672999382019 0.2691130096912384 0.05274994229473157
v -1.634672999382019 0.32407799911499025 0.07527194475330395
v -1.9071199893951416 0.2691130096912384 0.05274994229473157
v -1.634672999382019 0.32407799911499025 0.07527194475330395
v -1.9071199893951416 0.32407799911499025 0.07527194475330395
v -1.9071199893951416 0.32407799911499025 0.07527194475330395
v -1.634672999382019 0.3790429885387421 0.05274994229473157
v -1.9071199893951416 0.3790429885387421 0.05274994229473157
v -1.9071199893951416 0.32407799911499025 0.07527194475330395
v -1.634672999382019 0.32407799911499025 0.07527194475330395
v -1.634672999382019 0.3790429885387421 0.05274994229473157
v -0.8025910258293152 0.41815299344062806 -0.05125406081281619
v -0.14979399740695953 0.41815299344062806 -0.05125406081281619
v -0.4358710050582886 0.4331629927158356 -0.05125406081281619
v -0.4358710050582886 0.4331629927158356 -0.05125406081281619
v -0.14979399740695953 0.41815299344062806 -0.05125406081281619
v -0.14979399740695953 0.4331629927158356 -0.05125406081281619
v -0.8025910258293152 0.41815299344062806 -0.05125406081281619
v -0.4358710050582886 0.4331629927158356 -0.05125406081281619
v -0.8025910258293152 0.4331629927158356 -0.05125406081281619
v -1.9071199893951416 0.37962800812721254 -0.0012360585337133911
v -1.9071199893951416 0.3790429885387421 0.05274994229473157
v -1.9071199893951416 0.40180799913406373 -0.0012360585337133911
v -1.9071199893951416 0.3790429885387421 -0.05574005539022403
v -1.9071199893951416 0.37962800812721254 -0.0012360585337133911
v -1.9071199893951416 0.40180799913406373 -0.0012360585337133911
v -1.9071199893951416 0.3790429885387421 0.05274994229473157
v -1.9071199893951416 0.37962800812721254 -0.0012360585337133911
v -1.9071199893951416 0.3633529896736145 0.037246941826715896
v -1.9071199893951416 0.32407799911499025 0.07527194475330395
v -1.9071199893951416 0.3790429885387421 0.05274994229473157
v -1.9071199893951416 0.3633529896736145 0.037246941826715896
v -1.9071199893951416 0.3633529896736145 0.037246941826715896
v -1.9071199893951416 0.32407799911499025 0.05375694041647
v -1.9071199893951416 0.32407799911499025 0.07527194475330395
v -1.9071199893951416 0.37962800812721254 -0.0012360585337133911
v -1.9071199893951416 0.3790429885387421 -0.05574005539022403
v -1.9071199893951416 0.3633529896736145 -0.04023705864749866
v -1.9071199893951416 0.32407799911499025 -0.0782320618113132
v -1.9071199893951416 0.3633529896736145 -0.04023705864749866
v -1.9071199893951416 0.3790429885387421 -0.05574005539022403
v -1.9071199893951416 0.3633529896736145 -0.04023705864749866
v -1.9071199893951416 0.32407799911499025 -0.0782320618113132
v -1.9071199893951416 0.32407799911499025 -0.05622905934654193
v -1.9071199893951416 0.32407799911499025 -0.0782320618113132
v -1.9071199893951416 0.28479800176620484 -0.04023705864749866
v -1.9071199893951416 0.32407799911499025 -0.05622905934654193
v -1.9071199893951416 0.28479800176620484 -0.04023705864749866
v -1.9071199893951416 0.32407799911499025 -0.0782320618113132
v -1.9071199893951416 0.2691130096912384 -0.05574005539022403
v -1.9071199893951416 0.2691130096912384 -0.05574005539022403
v -1.9071199893951416 0.26852799010276795 -0.0012360585337133911
v -1.9071199893951416 0.28479800176620484 -0.04023705864749866
v -1.9071199893951416 0.2691130096912384 -0.05574005539022403
v -1.9071199893951416 0.24634300720691682 -0.0012360585337133911
v -1.9071199893951416 0.26852799010276795 -0.0012360585337133911
v -1.9071199893951416 0.2691130096912384 0.05274994229473157
v -1.9071199893951416 0.26852799010276795 -0.0012360585337133911
v -1.9071199893951416 0.24634300720691682 -0.0012360585337133911
v -1.9071199893951416 0.26852799010276795 -0.0012360585337133911
v -1.9071199893951416 0.2691130096912384 0.05274994229473157
v -1.9071199893951416 0.28479800176620484 0.037246941826715896
v -1.9071199893951416 0.32407799911499025 0.07527194475330395
v -1.9071199893951416 0.28479800176620484 0.037246941826715896
v -1.9071199893951416 0.2691130096912384 0.05274994229473157
v -1.9071199893951416 0.28479800176620484 0.037246941826715896
v -1.9071199893951416 0.32407799911499025 0.07527194475330395
v -1.9071199893951416 0.32407799911499025 0.05375694041647
v -1.701151967048645 0.28479800176620484 -0.04023705864749866
v -1.701151967048645 0.28479800176620484 0.037246941826715896
v -1.701151967048645 0.32407799911499025 -0.05622905934654193
v -1.701151967048645 0.28479800176620484 0.037246941826715896
v -1.701151967048645 0.28479800176620484 -0.04023705864749866
v -1.701151967048645 0.26852799010276795 -0.0012360585337133911
v -1.701151967048645 0.32407799911499025 0.05375694041647
v -1.701151967048645 0.32407799911499025 -0.05622905934654193
v -1.701151967048645 0.28479800176620484 0.037246941826715896
v -1.701151967048645 0.32407799911499025 -0.05622905934654193
v -1.701151967048645 0.32407799911499025 0.05375694041647
v -1.701151967048645 0.3633529896736145 0.037246941826715896
v -1.701151967048645 0.3633529896736145 0.037246941826715896
v -1.701151967048645 0.3633529896736145 -0.04023705864749866
v -1.701151967048645 0.32407799911499025 -0.05622905934654193
v -1.701151967048645 0.3633529896736145 -0.04023705864749866
v -1.701151967048645 0.3633529896736145 0.037246941826715896
v -1.701151967048645 0.37962800812721254 -0.0012360585337133911
v -1.3007839918136597 0.09396300268173217 -0.04524206066928821
v -1.2963199615478516 0.19284299564361573 -0.08873005653224902
v -1.2999199628829956 0.11341299664974212 -0.08873005653224902
v -1.2963199615478516 0.19284299564361573 -0.08873005653224902
v -1.3007839918136597 0.09396300268173217 -0.04524206066928821
v -1.2963199615478516 0.19284299564361573 0.08625793760217709
v -1.2963199615478516 0.19284299564361573 0.08625793760217709
v -1.3007839918136597 0.09396300268173217 -0.04524206066928821
v -1.3007839918136597 0.09396300268173217 0.04276994173921628
v -1.2963199615478516 0.19284299564361573 0.08625793760217709
v -1.3007839918136597 0.09396300268173217 0.04276994173921628
v -1.2999199628829956 0.11341299664974212 0.08625793760217709
v -1.2807669639587402 0.6579529995918274 -0.03672805870376544
v -1.2807669639587402 0.6579529995918274 0.033767941645756194
v -1.2807669639587402 0.6854579801559448 -0.0012360585337133911
v -1.2807669639587402 0.6854579801559448 -0.0012360585337133911
v -1.2807669639587402 0.6579529995918274 0.033767941645756194
v -1.2807669639587402 0.6931429858207703 0.01725794119335694
v -1.2807669639587402 0.7116979713439942 0.033767941645756194
v -1.2807669639587402 0.6931429858207703 0.01725794119335694
v -1.2807669639587402 0.6579529995918274 0.033767941645756194
v -1.2807669639587402 0.6931429858207703 0.01725794119335694
v -1.2807669639587402 0.7116979713439942 0.033767941645756194
v -1.2807669639587402 0.7116979713439942 0.024764941311850974
v -1.2807669639587402 0.6579529995918274 -0.03672805870376544
v -1.2807669639587402 0.6854579801559448 -0.0012360585337133911
v -1.2807669639587402 0.6931429858207703 -0.019730058260783723
v -1.2807669639587402 0.7116979713439942 -0.03672805870376544
v -1.2807669639587402 0.6579529995918274 -0.03672805870376544
v -1.2807669639587402 0.6931429858207703 -0.019730058260783723
v -1.2807669639587402 0.7116979713439942 -0.03672805870376544
v -1.2807669639587402 0.6931429858207703 -0.019730058260783723
v -1.2807669639587402 0.7116979713439942 -0.027725060232505372
v -1.2752009630203247 0.7112779970169067 -0.001755058527514508
v -1.2752009630203247 0.6748329753875733 -0.012741059758290818
v -1.2752009630203247 0.6748329753875733 0.01026894106104953
v -1.2752009630203247 0.7112779970169067 -0.001755058527514508
v -1.2752009630203247 0.6748329753875733 0.01026894106104953
v -1.2752009630203247 0.7112779970169067 -0.000748058543130925
v -0.10366600006818771 0.6628079767227173 0.035262941620722243
v -0.09622500091791153 0.6440880055427551 -0.037735060550794175
v -0.09622500091791153 0.6440880055427551 0.035262941620722243
v -0.09622500091791153 0.6440880055427551 -0.037735060550794175
v -0.10366600006818771 0.6628079767227173 0.035262941620722243
v -0.10366600006818771 0.6628079767227173 -0.037735060550794175
v -0.09622500091791153 0.6815280075073242 0.035262941620722243
v -0.10366600006818771 0.6628079767227173 -0.037735060550794175
v -0.10366600006818771 0.6628079767227173 0.035262941620722243
v -0.10366600006818771 0.6628079767227173 -0.037735060550794175
v -0.09622500091791153 0.6815280075073242 0.035262941620722243
v -0.09622500091791153 0.6815280075073242 -0.037735060550794175
v -1.2931050062179565 0.6406429762840271 -0.037735060550794175
v -1.286911964416504 0.6561879868507385 0.03477494163013978
v -1.286911964416504 0.6561879868507385 -0.037735060550794175
v -1.286911964416504 0.6561879868507385 0.03477494163013978
v -1.2931050062179565 0.6406429762840271 -0.037735060550794175
v -1.2931050062179565 0.6406429762840271 0.03477494163013978
v -1.286911964416504 0.6251029725074768 -0.037735060550794175
v -1.2931050062179565 0.6406429762840271 0.03477494163013978
v -1.2931050062179565 0.6406429762840271 -0.037735060550794175
v -1.2931050062179565 0.6406429762840271 0.03477494163013978
v -1.286911964416504 0.6251029725074768 -0.037735060550794175
v -1.286911964416504 0.6251029725074768 0.03477494163013978
v -0.14979399740695953 0.41815299344062806 0.04875194211997075
v -0.14979399740695953 0.4331629927158356 -0.05125406081281619
v -0.14979399740695953 0.41815299344062806 -0.05125406081281619
v -0.14979399740695953 0.4331629927158356 -0.05125406081281619
v -0.14979399740695953 0.41815299344062806 0.04875194211997075
v -0.14979399740695953 0.4331629927158356 0.04875194211997075
v -0.08720199763774872 0.6908880228996277 -0.0012360585337133911
v -0.08720199763774872 0.6736479754447937 0.033767941645756194
v -0.08720199763774872 0.6985730285644531 0.01725794119335694
v -0.08720199763774872 0.6736479754447937 0.033767941645756194
v -0.08720199763774872 0.717128014087677 0.024764941311850974
v -0.08720199763774872 0.6985730285644531 0.01725794119335694
v -0.08720199763774872 0.6736479754447937 0.033767941645756194
v -0.08720199763774872 0.6908880228996277 -0.0012360585337133911
v -0.08720199763774872 0.6736479754447937 -0.036240060575828126
v -0.08720199763774872 0.6736479754447937 0.033767941645756194
v -0.08720199763774872 0.7391180152893067 0.033767941645756194
v -0.08720199763774872 0.717128014087677 0.024764941311850974
v -0.08720199763774872 0.6736479754447937 -0.036240060575828126
v -0.08720199763774872 0.6908880228996277 -0.0012360585337133911
v -0.08720199763774872 0.6985730285644531 -0.019730058260783723
v -0.08720199763774872 0.7391180152893067 0.033767941645756194
v -0.08720199763774872 0.7356829996109009 0.01725794119335694
v -0.08720199763774872 0.717128014087677 0.024764941311850974
v -0.08720199763774872 0.717128014087677 -0.027725060232505372
v -0.08720199763774872 0.6736479754447937 -0.036240060575828126
v -0.08720199763774872 0.6985730285644531 -0.019730058260783723
v -0.08720199763774872 0.7517729754447937 0.020766941137090156
v -0.08720199763774872 0.7356829996109009 0.01725794119335694
v -0.08720199763774872 0.7391180152893067 0.033767941645756194
v -0.08720199763774872 0.7391180152893067 -0.036240060575828126
v -0.08720199763774872 0.6736479754447937 -0.036240060575828126
v -0.08720199763774872 0.717128014087677 -0.027725060232505372
v -0.08720199763774872 0.7356829996109009 0.01725794119335694
v -0.08720199763774872 0.7517729754447937 0.020766941137090156
v -0.08720199763774872 0.7433680052757263 -0.0012360585337133911
v -0.08720199763774872 0.7356829996109009 -0.019730058260783723
v -0.08720199763774872 0.7391180152893067 -0.036240060575828126
v -0.08720199763774872 0.717128014087677 -0.027725060232505372
v -0.08720199763774872 0.7517729754447937 0.020766941137090156
v -0.08720199763774872 0.7517729754447937 -0.023727060057744553
v -0.08720199763774872 0.7433680052757263 -0.0012360585337133911
v -0.08720199763774872 0.7391180152893067 -0.036240060575828126
v -0.08720199763774872 0.7356829996109009 -0.019730058260783723
v -0.08720199763774872 0.7517729754447937 -0.023727060057744553
v -0.08720199763774872 0.7356829996109009 -0.019730058260783723
v -0.08720199763774872 0.7433680052757263 -0.0012360585337133911
v -0.08720199763774872 0.7517729754447937 -0.023727060057744553
v 0.1070069968700409 0.3328029866218567 -0.1537320658048244
v 0.1070069968700409 0.3328029866218567 0.15077194129623456
v 0.1070069968700409 0.44022301387786866 -0.09825105661951022
v 0.1070069968700409 0.44022301387786866 -0.09825105661951022
v 0.1070069968700409 0.3328029866218567 0.15077194129623456
v 0.1070069968700409 0.44022301387786866 0.09526094352401776
v 0.2899850010871887 0.2766479904651642 -0.13923605228267627
v 0.2899850010871887 0.20464799356460572 0.11775194411672635
v 0.2899850010871887 0.2766479904651642 0.1362459391871838
v 0.2899850010871887 0.20464799356460572 0.11775194411672635
v 0.2899850010871887 0.2766479904651642 -0.13923605228267627
v 0.2899850010871887 0.20464799356460572 -0.1207430555900188
v 1.0022059679031372 0.3317529911994934 -0.1767430647691341
v 0.9448469877243042 -0.08674200075864792 -0.12425205553375201
v 0.9448469877243042 -0.08674200075864792 0.12174994056619687
v 1.0022059679031372 0.3317529911994934 -0.1767430647691341
v 0.9448469877243042 -0.08674200075864792 0.12174994056619687
v 1.0022059679031372 0.3317529911994934 0.17427093838848157
v 1.0022059679031372 0.3317529911994934 -0.1767430647691341
v 1.0022059679031372 0.3317529911994934 0.17427093838848157
v 0.9254080057144165 0.5317529792785645 0.11225894396699948
v 0.9254080057144165 0.5317529792785645 -0.11525005544029193
v 1.0022059679031372 0.3317529911994934 -0.1767430647691341
v 0.9254080057144165 0.5317529792785645 0.11225894396699948
v 1.069936990737915 -0.08203199702501297 -0.12425205553375201
v 1.069936990737915 -0.08203199702501297 0.12174994056619687
v 0.9448469877243042 -0.08674200075864792 -0.12425205553375201
v 0.9448469877243042 -0.08674200075864792 -0.12425205553375201
v 1.069936990737915 -0.08203199702501297 0.12174994056619687
v 0.9448469877243042 -0.08674200075864792 0.12174994056619687
v 0.38151898980140686 0.2766479904651642 -0.13923605228267627
v 0.5644959807395935 0.3328029866218567 -0.1537320658048244
v 0.38151898980140686 0.2766479904651642 0.1362459391871838
v 0.5644959807395935 0.3328029866218567 -0.1537320658048244
v 0.5644959807395935 0.3328029866218567 0.15077194129623456
v 0.38151898980140686 0.2766479904651642 0.1362459391871838
v -0.5580790042877197 0.0574379990696907 -0.04524206066928821
v -1.3007839918136597 0.09396300268173217 0.04276994173921628
v -1.3007839918136597 0.09396300268173217 -0.04524206066928821
v -1.2999199628829956 0.11341299664974212 -0.08873005653224902
v -0.5580790042877197 0.0574379990696907 -0.04524206066928821
v -1.3007839918136597 0.09396300268173217 -0.04524206066928821
v -0.5580790042877197 0.0574379990696907 -0.04524206066928821
v -1.2999199628829956 0.11341299664974212 -0.08873005653224902
v -0.5467519760131836 0.07637300145626068 -0.08873005653224902
v -1.3007839918136597 0.09396300268173217 0.04276994173921628
v -0.5580790042877197 0.0574379990696907 -0.04524206066928821
v -0.5580790042877197 0.0574379990696907 0.04276994173921628
v -1.3007839918136597 0.09396300268173217 0.04276994173921628
v -0.5580790042877197 0.0574379990696907 0.04276994173921628
v -1.2999199628829956 0.11341299664974212 0.08625793760217709
v -0.5467519760131836 0.07637300145626068 0.08625793760217709
v -1.2999199628829956 0.11341299664974212 0.08625793760217709
v -0.5580790042877197 0.0574379990696907 0.04276994173921628
v 0.38151898980140686 0.20464799356460572 -0.1207430555900188
v 0.38151898980140686 0.20464799356460572 0.11775194411672635
v 0.2899850010871887 0.20464799356460572 -0.1207430555900188
v 0.2899850010871887 0.20464799356460572 -0.1207430555900188
v 0.38151898980140686 0.20464799356460572 0.11775194411672635
v 0.2899850010871887 0.20464799356460572 0.11775194411672635
v -0.08720199763774872 0.7356829996109009 -0.019730058260783723
v -0.06833799928426743 0.7356829996109009 -0.019730058260783723
v -0.06833799928426743 0.7433680052757263 -0.0012360585337133911
v -0.08720199763774872 0.7356829996109009 -0.019730058260783723
v -0.06833799928426743 0.7433680052757263 -0.0012360585337133911
v -0.08720199763774872 0.7433680052757263 -0.0012360585337133911
v -0.08720199763774872 0.7433680052757263 -0.0012360585337133911
v -0.06833799928426743 0.7433680052757263 -0.0012360585337133911
v -0.06833799928426743 0.7356829996109009 0.01725794119335694
v -0.08720199763774872 0.7433680052757263 -0.0012360585337133911
v -0.06833799928426743 0.7356829996109009 0.01725794119335694
v -0.08720199763774872 0.7356829996109009 0.01725794119335694
v -1.9071199893951416 0.3633529896736145 0.037246941826715896
v -1.701151967048645 0.37962800812721254 -0.0012360585337133911
v -1.701151967048645 0.3633529896736145 0.037246941826715896
v -1.701151967048645 0.37962800812721254 -0.0012360585337133911
v -1.9071199893951416 0.3633529896736145 0.037246941826715896
v -1.9071199893951416 0.37962800812721254 -0.0012360585337133911
v -1.9071199893951416 0.37962800812721254 -0.0012360585337133911
v -1.701151967048645 0.3633529896736145 -0.04023705864749866
v -1.701151967048645 0.37962800812721254 -0.0012360585337133911
v -1.701151967048645 0.3633529896736145 -0.04023705864749866
v -1.9071199893951416 0.37962800812721254 -0.0012360585337133911
v -1.9071199893951416 0.3633529896736145 -0.04023705864749866
v -1.3119679689407349 0.26496300649642945 -0.0012360585337133911
v -1.634672999382019 0.28227300000190736 0.040267941779866645
v -1.634672999382019 0.26496300649642945 -0.0012360585337133911
v -1.634672999382019 0.28227300000190736 0.040267941779866645
v -1.3119679689407349 0.26496300649642945 -0.0012360585337133911
v -1.3119679689407349 0.28227300000190736 0.040267941779866645
v -1.634672999382019 0.26496300649642945 -0.0012360585337133911
v -1.3119679689407349 0.28227300000190736 -0.04322806070052104
v -1.3119679689407349 0.26496300649642945 -0.0012360585337133911
v -1.3119679689407349 0.28227300000190736 -0.04322806070052104
v -1.634672999382019 0.26496300649642945 -0.0012360585337133911
v -1.634672999382019 0.28227300000190736 -0.04322806070052104
v -1.9071199893951416 0.24634300720691682 -0.0012360585337133911
v -1.634672999382019 0.2691130096912384 0.05274994229473157
v -1.9071199893951416 0.2691130096912384 0.05274994229473157
v -1.9071199893951416 0.24634300720691682 -0.0012360585337133911
v -1.634672999382019 0.24634300720691682 -0.0012360585337133911
v -1.634672999382019 0.2691130096912384 0.05274994229473157
v -1.9071199893951416 0.2691130096912384 -0.05574005539022403
v -1.634672999382019 0.24634300720691682 -0.0012360585337133911
v -1.9071199893951416 0.24634300720691682 -0.0012360585337133911
v -1.9071199893951416 0.2691130096912384 -0.05574005539022403
v -1.634672999382019 0.2691130096912384 -0.05574005539022403
v -1.634672999382019 0.24634300720691682 -0.0012360585337133911
v -0.0782260000705719 0.6363379712104797 0.035262941620722243
v -0.06027400121092796 0.6440880055427551 -0.037735060550794175
v -0.06027400121092796 0.6440880055427551 0.035262941620722243
v -0.06027400121092796 0.6440880055427551 -0.037735060550794175
v -0.0782260000705719 0.6363379712104797 0.035262941620722243
v -0.0782260000705719 0.6363379712104797 -0.037735060550794175
v -0.09622500091791153 0.6440880055427551 0.035262941620722243
v -0.0782260000705719 0.6363379712104797 -0.037735060550794175
v -0.0782260000705719 0.6363379712104797 0.035262941620722243
v -0.0782260000705719 0.6363379712104797 -0.037735060550794175
v -0.09622500091791153 0.6440880055427551 0.035262941620722243
v -0.09622500091791153 0.6440880055427551 -0.037735060550794175
v -1.2719850540161133 0.6186629886627197 -0.037735060550794175
v -1.286911964416504 0.6251029725074768 0.03477494163013978
v -1.286911964416504 0.6251029725074768 -0.037735060550794175
v -1.286911964416504 0.6251029725074768 0.03477494163013978
v -1.2719850540161133 0.6186629886627197 -0.037735060550794175
v -1.2719850540161133 0.6186629886627197 0.03477494163013978
v -1.2570550441741943 0.6251029725074768 -0.037735060550794175
v -1.2719850540161133 0.6186629886627197 0.03477494163013978
v -1.2719850540161133 0.6186629886627197 -0.037735060550794175
v -1.2719850540161133 0.6186629886627197 0.03477494163013978
v -1.2570550441741943 0.6251029725074768 -0.037735060550794175
v -1.2570550441741943 0.6251029725074768 0.03477494163013978
v 0.2899850010871887 0.2766479904651642 -0.13923605228267627
v 0.1070069968700409 0.3328029866218567 0.15077194129623456
v 0.1070069968700409 0.3328029866218567 -0.1537320658048244
v 0.1070069968700409 0.3328029866218567 0.15077194129623456
v 0.2899850010871887 0.2766479904651642 -0.13923605228267627
v 0.2899850010871887 0.2766479904651642 0.1362459391871838
v -1.2686710357666016 0.6748329753875733 -0.012741059758290818
v -1.2686710357666016 0.6748329753875733 0.01026894106104953
v -1.2752009630203247 0.6748329753875733 -0.012741059758290818
v -1.2752009630203247 0.6748329753875733 -0.012741059758290818
v -1.2686710357666016 0.6748329753875733 0.01026894106104953
v -1.2752009630203247 0.6748329753875733 0.01026894106104953
v -0.06833799928426743 0.717128014087677 0.024764941311850974
v -0.08720199763774872 0.6985730285644531 0.01725794119335694
v -0.08720199763774872 0.717128014087677 0.024764941311850974
v -0.08720199763774872 0.6985730285644531 0.01725794119335694
v -0.06833799928426743 0.717128014087677 0.024764941311850974
v -0.06833799928426743 0.6985730285644531 0.01725794119335694
v -0.06833799928426743 0.7356829996109009 0.01725794119335694
v -0.08720199763774872 0.717128014087677 0.024764941311850974
v -0.08720199763774872 0.7356829996109009 0.01725794119335694
v -0.08720199763774872 0.717128014087677 0.024764941311850974
v -0.06833799928426743 0.7356829996109009 0.01725794119335694
v -0.06833799928426743 0.717128014087677 0.024764941311850974
v -1.261904001235962 0.7116979713439942 0.024764941311850974
v -1.2807669639587402 0.6931429858207703 0.01725794119335694
v -1.2807669639587402 0.7116979713439942 0.024764941311850974
v -1.2807669639587402 0.6931429858207703 0.01725794119335694
v -1.261904001235962 0.7116979713439942 0.024764941311850974
v -1.261904001235962 0.6931429858207703 0.01725794119335694
v 1.069936990737915 -0.08203199702501297 -0.12425205553375201
v 1.0022059679031372 0.3317529911994934 -0.1767430647691341
v 1.127007007598877 0.3317529911994934 -0.1767430647691341
v 1.0022059679031372 0.3317529911994934 -0.1767430647691341
v 1.069936990737915 -0.08203199702501297 -0.12425205553375201
v 0.9448469877243042 -0.08674200075864792 -0.12425205553375201
v -1.701151967048645 0.3633529896736145 0.037246941826715896
v -1.9071199893951416 0.32407799911499025 0.05375694041647
v -1.9071199893951416 0.3633529896736145 0.037246941826715896
v -1.9071199893951416 0.32407799911499025 0.05375694041647
v -1.701151967048645 0.3633529896736145 0.037246941826715896
v -1.701151967048645 0.32407799911499025 0.05375694041647
v -1.9071199893951416 0.28479800176620484 0.037246941826715896
v -1.701151967048645 0.32407799911499025 0.05375694041647
v -1.701151967048645 0.28479800176620484 0.037246941826715896
v -1.701151967048645 0.32407799911499025 0.05375694041647
v -1.9071199893951416 0.28479800176620484 0.037246941826715896
v -1.9071199893951416 0.32407799911499025 0.05375694041647
v -1.634672999382019 0.28227300000190736 -0.04322806070052104
v -1.3119679689407349 0.32407799911499025 -0.060226057418212464
v -1.3119679689407349 0.28227300000190736 -0.04322806070052104
v -1.3119679689407349 0.32407799911499025 -0.060226057418212464
v -1.634672999382019 0.28227300000190736 -0.04322806070052104
v -1.634672999382019 0.32407799911499025 -0.060226057418212464
v -1.634672999382019 0.32407799911499025 -0.060226057418212464
v -1.3119679689407349 0.365877991437912 -0.04322806070052104
v -1.3119679689407349 0.32407799911499025 -0.060226057418212464
v -1.3119679689407349 0.365877991437912 -0.04322806070052104
v -1.634672999382019 0.32407799911499025 -0.060226057418212464
v -1.634672999382019 0.365877991437912 -0.04322806070052104
v 1.050205945968628 0.5317529792785645 -0.11525005544029193
v 1.0022059679031372 0.3317529911994934 -0.1767430647691341
v 0.9254080057144165 0.5317529792785645 -0.11525005544029193
v 1.0022059679031372 0.3317529911994934 -0.1767430647691341
v 1.050205945968628 0.5317529792785645 -0.11525005544029193
v 1.127007007598877 0.3317529911994934 -0.1767430647691341
v 0.5644959807395935 0.44022301387786866 -0.09825105661951022
v 0.1070069968700409 0.3328029866218567 -0.1537320658048244
v 0.1070069968700409 0.44022301387786866 -0.09825105661951022
v 0.1070069968700409 0.3328029866218567 -0.1537320658048244
v 0.5644959807395935 0.44022301387786866 -0.09825105661951022
v 0.5644959807395935 0.3328029866218567 -0.1537320658048244
v 0.1070069968700409 0.3328029866218567 -0.1537320658048244
v 0.38151898980140686 0.2766479904651642 -0.13923605228267627
v 0.2899850010871887 0.2766479904651642 -0.13923605228267627
v 0.38151898980140686 0.2766479904651642 -0.13923605228267627
v 0.1070069968700409 0.3328029866218567 -0.1537320658048244
v 0.5644959807395935 0.3328029866218567 -0.1537320658048244
v 0.38151898980140686 0.20464799356460572 -0.1207430555900188
v 0.2899850010871887 0.2766479904651642 -0.13923605228267627
v 0.38151898980140686 0.2766479904651642 -0.13923605228267627
v 0.2899850010871887 0.2766479904651642 -0.13923605228267627
v 0.38151898980140686 0.20464799356460572 -0.1207430555900188
v 0.2899850010871887 0.20464799356460572 -0.1207430555900188
v -0.5467519760131836 0.07637300145626068 -0.08873005653224902
v -1.2963199615478516 0.19284299564361573 -0.08873005653224902
v -0.5032169818878174 0.1538379992246628 -0.08873005653224902
v -1.2963199615478516 0.19284299564361573 -0.08873005653224902
v -0.5467519760131836 0.07637300145626068 -0.08873005653224902
v -1.2999199628829956 0.11341299664974212 -0.08873005653224902
v -0.06833799928426743 0.7391180152893067 -0.036240060575828126
v -0.08720199763774872 0.6736479754447937 -0.036240060575828126
v -0.08720199763774872 0.7391180152893067 -0.036240060575828126
v -0.08720199763774872 0.6736479754447937 -0.036240060575828126
v -0.06833799928426743 0.7391180152893067 -0.036240060575828126
v -0.06833799928426743 0.6736479754447937 -0.036240060575828126
v -1.2686710357666016 0.7112779970169067 -0.001755058527514508
v -1.2752009630203247 0.6748329753875733 -0.012741059758290818
v -1.2752009630203247 0.7112779970169067 -0.001755058527514508
v -1.2752009630203247 0.6748329753875733 -0.012741059758290818
v -1.2686710357666016 0.7112779970169067 -0.001755058527514508
v -1.2686710357666016 0.6748329753875733 -0.012741059758290818
v -0.06027400121092796 0.6815280075073242 -0.037735060550794175
v -0.06027400121092796 0.6440880055427551 -0.037735060550794175
v -0.0782260000705719 0.6363379712104797 -0.037735060550794175
v -0.06027400121092796 0.6440880055427551 -0.037735060550794175
v -0.06027400121092796 0.6815280075073242 -0.037735060550794175
v -0.05283299833536148 0.6628079767227173 -0.037735060550794175
v -0.10366600006818771 0.6628079767227173 -0.037735060550794175
v -0.06027400121092796 0.6815280075073242 -0.037735060550794175
v -0.0782260000705719 0.6363379712104797 -0.037735060550794175
v -0.10366600006818771 0.6628079767227173 -0.037735060550794175
v -0.0782260000705719 0.6363379712104797 -0.037735060550794175
v -0.09622500091791153 0.6440880055427551 -0.037735060550794175
v -0.06027400121092796 0.6815280075073242 -0.037735060550794175
v -0.10366600006818771 0.6628079767227173 -0.037735060550794175
v -0.09622500091791153 0.6815280075073242 -0.037735060550794175
v -0.06027400121092796 0.6815280075073242 -0.037735060550794175
v -0.09622500091791153 0.6815280075073242 -0.037735060550794175
v -0.0782260000705719 0.689282989025116 -0.037735060550794175
v -1.2719850540161133 0.6186629886627197 -0.037735060550794175
v -1.2570550441741943 0.6561879868507385 -0.037735060550794175
v -1.2509139776229858 0.6406429762840271 -0.037735060550794175
v -1.2719850540161133 0.6186629886627197 -0.037735060550794175
v -1.2509139776229858 0.6406429762840271 -0.037735060550794175
v -1.2570550441741943 0.6251029725074768 -0.037735060550794175
v -1.286911964416504 0.6561879868507385 -0.037735060550794175
v -1.2570550441741943 0.6561879868507385 -0.037735060550794175
v -1.2719850540161133 0.6186629886627197 -0.037735060550794175
v -1.2570550441741943 0.6561879868507385 -0.037735060550794175
v -1.286911964416504 0.6561879868507385 -0.037735060550794175
v -1.2719850540161133 0.6626279706954956 -0.037735060550794175
v -1.2719850540161133 0.6186629886627197 -0.037735060550794175
v -1.2931050062179565 0.6406429762840271 -0.037735060550794175
v -1.286911964416504 0.6561879868507385 -0.037735060550794175
v -1.2931050062179565 0.6406429762840271 -0.037735060550794175
v -1.2719850540161133 0.6186629886627197 -0.037735060550794175
v -1.286911964416504 0.6251029725074768 -0.037735060550794175
v -1.2807669639587402 0.6579529995918274 -0.03672805870376544
v -1.2807669639587402 0.7116979713439942 -0.03672805870376544
v -1.261904001235962 0.7116979713439942 -0.03672805870376544
v -1.261904001235962 0.7116979713439942 -0.03672805870376544
v -1.261904001235962 0.6579529995918274 -0.03672805870376544
v -1.2807669639587402 0.6579529995918274 -0.03672805870376544
v -1.9071199893951416 0.32407799911499025 -0.0782320618113132
v -1.634672999382019 0.2691130096912384 -0.05574005539022403
v -1.9071199893951416 0.2691130096912384 -0.05574005539022403
v -1.9071199893951416 0.32407799911499025 -0.0782320618113132
v -1.634672999382019 0.32407799911499025 -0.0782320618113132
v -1.634672999382019 0.2691130096912384 -0.05574005539022403
v -1.9071199893951416 0.3790429885387421 -0.05574005539022403
v -1.634672999382019 0.32407799911499025 -0.0782320618113132
v -1.9071199893951416 0.32407799911499025 -0.0782320618113132
v -1.9071199893951416 0.3790429885387421 -0.05574005539022403
v -1.634672999382019 0.3790429885387421 -0.05574005539022403
v -1.634672999382019 0.32407799911499025 -0.0782320618113132
v -0.14979399740695953 0.41815299344062806 0.04875194211997075
v -0.8025910258293152 0.41815299344062806 0.04875194211997075
v -0.4358710050582886 0.4331629927158356 0.04875194211997075
v -0.4358710050582886 0.4331629927158356 0.04875194211997075
v -0.8025910258293152 0.41815299344062806 0.04875194211997075
v -0.8025910258293152 0.4331629927158356 0.04875194211997075
v -0.14979399740695953 0.41815299344062806 0.04875194211997075
v -0.4358710050582886 0.4331629927158356 0.04875194211997075
v -0.14979399740695953 0.4331629927158356 0.04875194211997075
v -0.6106889843940735 0.46175298643112184 -0.029251058348044923
v -0.6106889843940735 0.41175300431251527 0.038772941804900596
v -0.6106889843940735 0.41175300431251527 -0.04124406049452739
v -0.6106889843940735 0.41175300431251527 0.038772941804900596
v -0.6106889843940735 0.46175298643112184 -0.029251058348044923
v -0.6106889843940735 0.46175298643112184 0.026748940586522052
v -0.6106889843940735 0.46175298643112184 -0.029251058348044923
v -0.6202870011329651 0.501753007888794 0.015273940987363288
v -0.6106889843940735 0.46175298643112184 0.026748940586522052
v -0.6202870011329651 0.501753007888794 0.015273940987363288
v -0.6106889843940735 0.46175298643112184 -0.029251058348044923
v -0.6202870011329651 0.501753007888794 -0.018234058045372536
v -0.6394879817962646 0.5517530198097229 -0.018234058045372536
v -0.6202870011329651 0.501753007888794 0.015273940987363288
v -0.6202870011329651 0.501753007888794 -0.018234058045372536
v -0.6202870011329651 0.501753007888794 0.015273940987363288
v -0.6394879817962646 0.5517530198097229 -0.018234058045372536
v -0.6394879817962646 0.5517530198097229 0.015273940987363288
v -0.6724650263786316 0.5823279972076416 -0.018234058045372536
v -0.6394879817962646 0.5517530198097229 0.015273940987363288
v -0.6394879817962646 0.5517530198097229 -0.018234058045372536
v -0.6394879817962646 0.5517530198097229 0.015273940987363288
v -0.6724650263786316 0.5823279972076416 -0.018234058045372536
v -0.6724650263786316 0.5823279972076416 0.015273940987363288
v -0.6992970108985901 0.584833001613617 -0.018234058045372536
v -0.6724650263786316 0.5823279972076416 0.015273940987363288
v -0.6724650263786316 0.5823279972076416 -0.018234058045372536
v -0.6724650263786316 0.5823279972076416 0.015273940987363288
v -0.6992970108985901 0.584833001613617 -0.018234058045372536
v -0.6992970108985901 0.584833001613617 0.015273940987363288
v -0.683264970779419 0.46175298643112184 -0.029251058348044923
v -0.75204998254776 0.46175298643112184 -0.029251058348044923
v -0.75204998254776 0.46175298643112184 0.026748940586522052
v -0.7930880188941956 0.4432030076980591 -0.04124406049452739
v -0.75204998254776 0.46175298643112184 0.026748940586522052
v -0.75204998254776 0.46175298643112184 -0.029251058348044923
v -0.75204998254776 0.46175298643112184 0.026748940586522052
v -0.7930880188941956 0.4432030076980591 -0.04124406049452739
v -0.7930880188941956 0.4432030076980591 0.038772941804900596
v -0.683264970779419 0.46175298643112184 -0.029251058348044923
v -0.75204998254776 0.46175298643112184 0.026748940586522052
v -0.683264970779419 0.46175298643112184 0.026748940586522052
v -0.6106889843940735 0.41175300431251527 0.038772941804900596
v -0.683264970779419 0.46175298643112184 0.026748940586522052
v -0.7930880188941956 0.41175300431251527 0.038772941804900596
v -0.683264970779419 0.46175298643112184 0.026748940586522052
v -0.6106889843940735 0.41175300431251527 0.038772941804900596
v -0.6106889843940735 0.46175298643112184 0.026748940586522052
v -0.7930880188941956 0.41175300431251527 0.038772941804900596
v -0.683264970779419 0.46175298643112184 0.026748940586522052
v -0.75204998254776 0.46175298643112184 0.026748940586522052
v -0.7930880188941956 0.41175300431251527 0.038772941804900596
v -0.75204998254776 0.46175298643112184 0.026748940586522052
v -0.7930880188941956 0.4432030076980591 0.038772941804900596
v -0.6106889843940735 0.46175298643112184 0.026748940586522052
v -0.6544659733772278 0.501753007888794 0.015273940987363288
v -0.683264970779419 0.46175298643112184 0.026748940586522052
v -0.6544659733772278 0.501753007888794 0.015273940987363288
v -0.6106889843940735 0.46175298643112184 0.026748940586522052
v -0.6202870011329651 0.501753007888794 0.015273940987363288
v -0.6202870011329651 0.501753007888794 0.015273940987363288
v -0.6544659733772278 0.5317529792785645 0.015273940987363288
v -0.6544659733772278 0.501753007888794 0.015273940987363288
v -0.6544659733772278 0.5317529792785645 0.015273940987363288
v -0.6202870011329651 0.501753007888794 0.015273940987363288
v -0.6394879817962646 0.5517530198097229 0.015273940987363288
v -0.6394879817962646 0.5517530198097229 0.015273940987363288
v -0.6779839992523193 0.5626579875946045 0.015273940987363288
v -0.6544659733772278 0.5317529792785645 0.015273940987363288
v -0.6779839992523193 0.5626579875946045 0.015273940987363288
v -0.6394879817962646 0.5517530198097229 0.015273940987363288
v -0.6724650263786316 0.5823279972076416 0.015273940987363288
v -0.6724650263786316 0.5823279972076416 0.015273940987363288
v -0.6994400024414062 0.5751179809570313 0.015273940987363288
v -0.6779839992523193 0.5626579875946045 0.015273940987363288
v -0.6994400024414062 0.5751179809570313 0.015273940987363288
v -0.6724650263786316 0.5823279972076416 0.015273940987363288
v -0.6992970108985901 0.584833001613617 0.015273940987363288
v -0.7930880188941956 0.41175300431251527 -0.04124406049452739
v -0.7930880188941956 0.41175300431251527 0.038772941804900596
v -0.7930880188941956 0.4432030076980591 -0.04124406049452739
v -0.7930880188941956 0.4432030076980591 -0.04124406049452739
v -0.7930880188941956 0.41175300431251527 0.038772941804900596
v -0.7930880188941956 0.4432030076980591 0.038772941804900596
v -0.6994400024414062 0.5751179809570313 -0.018234058045372536
v -0.6994400024414062 0.5751179809570313 0.015273940987363288
v -0.6992970108985901 0.584833001613617 -0.018234058045372536
v -0.6992970108985901 0.584833001613617 -0.018234058045372536
v -0.6994400024414062 0.5751179809570313 0.015273940987363288
v -0.6992970108985901 0.584833001613617 0.015273940987363288
v -0.683264970779419 0.46175298643112184 0.026748940586522052
v -0.6544659733772278 0.501753007888794 -0.018234058045372536
v -0.683264970779419 0.46175298643112184 -0.029251058348044923
v -0.6544659733772278 0.501753007888794 -0.018234058045372536
v -0.683264970779419 0.46175298643112184 0.026748940586522052
v -0.6544659733772278 0.501753007888794 0.015273940987363288
v -0.6544659733772278 0.501753007888794 -0.018234058045372536
v -0.6544659733772278 0.501753007888794 0.015273940987363288
v -0.6544659733772278 0.5317529792785645 0.015273940987363288
v -0.6544659733772278 0.5317529792785645 -0.018234058045372536
v -0.6544659733772278 0.501753007888794 -0.018234058045372536
v -0.6544659733772278 0.5317529792785645 0.015273940987363288
v -0.6544659733772278 0.5317529792785645 -0.018234058045372536
v -0.6544659733772278 0.5317529792785645 0.015273940987363288
v -0.6779839992523193 0.5626579875946045 0.015273940987363288
v -0.6779839992523193 0.5626579875946045 -0.018234058045372536
v -0.6544659733772278 0.5317529792785645 -0.018234058045372536
v -0.6779839992523193 0.5626579875946045 0.015273940987363288
v -0.6779839992523193 0.5626579875946045 -0.018234058045372536
v -0.6779839992523193 0.5626579875946045 0.015273940987363288
v -0.6994400024414062 0.5751179809570313 0.015273940987363288
v -0.6994400024414062 0.5751179809570313 -0.018234058045372536
v -0.6779839992523193 0.5626579875946045 -0.018234058045372536
v -0.6994400024414062 0.5751179809570313 0.015273940987363288
v -0.75204998254776 0.46175298643112184 -0.029251058348044923
v -0.7930880188941956 0.41175300431251527 -0.04124406049452739
v -0.7930880188941956 0.4432030076980591 -0.04124406049452739
v -0.683264970779419 0.46175298643112184 -0.029251058348044923
v -0.7930880188941956 0.41175300431251527 -0.04124406049452739
v -0.75204998254776 0.46175298643112184 -0.029251058348044923
v -0.7930880188941956 0.41175300431251527 -0.04124406049452739
v -0.683264970779419 0.46175298643112184 -0.029251058348044923
v -0.6106889843940735 0.41175300431251527 -0.04124406049452739
v -0.683264970779419 0.46175298643112184 -0.029251058348044923
v -0.6106889843940735 0.46175298643112184 -0.029251058348044923
v -0.6106889843940735 0.41175300431251527 -0.04124406049452739
v -0.6106889843940735 0.46175298643112184 -0.029251058348044923
v -0.683264970779419 0.46175298643112184 -0.029251058348044923
v -0.6544659733772278 0.501753007888794 -0.018234058045372536
v -0.6106889843940735 0.46175298643112184 -0.029251058348044923
v -0.6544659733772278 0.501753007888794 -0.018234058045372536
v -0.6202870011329651 0.501753007888794 -0.018234058045372536
v -0.6544659733772278 0.5317529792785645 -0.018234058045372536
v -0.6202870011329651 0.501753007888794 -0.018234058045372536
v -0.6544659733772278 0.501753007888794 -0.018234058045372536
v -0.6202870011329651 0.501753007888794 -0.018234058045372536
v -0.6544659733772278 0.5317529792785645 -0.018234058045372536
v -0.6394879817962646 0.5517530198097229 -0.018234058045372536
v -0.6779839992523193 0.5626579875946045 -0.018234058045372536
v -0.6394879817962646 0.5517530198097229 -0.018234058045372536
v -0.6544659733772278 0.5317529792785645 -0.018234058045372536
v -0.6394879817962646 0.5517530198097229 -0.018234058045372536
v -0.6779839992523193 0.5626579875946045 -0.018234058045372536
v -0.6724650263786316 0.5823279972076416 -0.018234058045372536
v -0.6779839992523193 0.5626579875946045 -0.018234058045372536
v -0.6994400024414062 0.5751179809570313 -0.018234058045372536
v -0.6724650263786316 0.5823279972076416 -0.018234058045372536
v -0.6992970108985901 0.584833001613617 -0.018234058045372536
v -0.6724650263786316 0.5823279972076416 -0.018234058045372536
v -0.6994400024414062 0.5751179809570313 -0.018234058045372536
v 0.9351530075073242 -0.03286700147390366 -0.12324506486259418
v 0.9281439781188965 -0.05031699883937836 0.11775194411672635
v 0.9281439781188965 -0.05031699883937836 -0.12025505746208148
v 0.9281439781188965 -0.05031699883937836 0.11775194411672635
v 0.9351530075073242 -0.03286700147390366 -0.12324506486259418
v 0.9351530075073242 -0.03286700147390366 0.12077293848194165
v 0.9281439781188965 -0.015417000383138656 -0.12623605573974567
v 0.9351530075073242 -0.03286700147390366 0.12077293848194165
v 0.9351530075073242 -0.03286700147390366 -0.12324506486259418
v 0.9351530075073242 -0.03286700147390366 0.12077293848194165
v 0.9281439781188965 -0.015417000383138656 -0.12623605573974567
v 0.9281439781188965 -0.015417000383138656 0.12376394426025433
v 0.7649419903755188 0.47621799063682557 -0.12574805761180835
v 0.7719510197639465 0.4929029996395111 0.11775194411672635
v 0.7649419903755188 0.47621799063682557 0.12324494426645322
v 0.7719510197639465 0.4929029996395111 0.11775194411672635
v 0.7649419903755188 0.47621799063682557 -0.12574805761180835
v 0.7719510197639465 0.4929029996395111 -0.12025505746208148
v 0.7719510197639465 0.4929029996395111 0.11775194411672635
v 0.7649419903755188 0.5095830018520355 -0.11473106289707141
v 0.7649419903755188 0.5095830018520355 0.11177093838848157
v 0.7649419903755188 0.5095830018520355 -0.11473106289707141
v 0.7719510197639465 0.4929029996395111 0.11775194411672635
v 0.7719510197639465 0.4929029996395111 -0.12025505746208148
v -0.05508799850940704 0.6639330143928528 0.03776594182051701
v -0.06161800026893616 0.6803430075645447 -0.04023705864749866
v -0.06161800026893616 0.6803430075645447 0.03776594182051701
v -0.06161800026893616 0.6803430075645447 -0.04023705864749866
v -0.05508799850940704 0.6639330143928528 0.03776594182051701
v -0.05508799850940704 0.6639330143928528 -0.04023705864749866
v -0.06161800026893616 0.6475180144309998 0.03776594182051701
v -0.05508799850940704 0.6639330143928528 -0.04023705864749866
v -0.05508799850940704 0.6639330143928528 0.03776594182051701
v -0.05508799850940704 0.6639330143928528 -0.04023705864749866
v -0.06161800026893616 0.6475180144309998 0.03776594182051701
v -0.06161800026893616 0.6475180144309998 -0.04023705864749866
v -0.360848993062973 0.18713300478458406 -0.11274706269107776
v -0.36785799264907837 0.17001799297332765 0.10575893824495358
v -0.36785799264907837 0.17001799297332765 -0.10823105717502551
v -0.36785799264907837 0.17001799297332765 0.10575893824495358
v -0.360848993062973 0.18713300478458406 -0.11274706269107776
v -0.360848993062973 0.18713300478458406 0.11024494027294202
v -0.360848993062973 0.18713300478458406 0.11024494027294202
v -0.36785799264907837 0.20424800169467927 -0.1172330572684856
v -0.36785799264907837 0.20424800169467927 0.11476093833841366
v -0.36785799264907837 0.20424800169467927 -0.1172330572684856
v -0.360848993062973 0.18713300478458406 0.11024494027294202
v -0.360848993062973 0.18713300478458406 -0.11274706269107776
v -1.252642035484314 0.6417680139541626 -0.04023705864749866
v -1.2580660581588745 0.6281379814147949 0.037246941826715896
v -1.2580660581588745 0.6281379814147949 -0.04023705864749866
v -1.2580660581588745 0.6281379814147949 0.037246941826715896
v -1.252642035484314 0.6417680139541626 -0.04023705864749866
v -1.252642035484314 0.6417680139541626 0.037246941826715896
v -1.2580660581588745 0.6553929800987244 -0.04023705864749866
v -1.252642035484314 0.6417680139541626 0.037246941826715896
v -1.252642035484314 0.6417680139541626 -0.04023705864749866
v -1.252642035484314 0.6417680139541626 0.037246941826715896
v -1.2580660581588745 0.6553929800987244 -0.04023705864749866
v -1.2580660581588745 0.6553929800987244 0.037246941826715896
v 0.747901976108551 0.516492998123169 -0.11222805524669605
v 0.7649419903755188 0.5095830018520355 0.11177093838848157
v 0.7649419903755188 0.5095830018520355 -0.11473106289707141
v 0.7649419903755188 0.5095830018520355 0.11177093838848157
v 0.747901976108551 0.516492998123169 -0.11222805524669605
v 0.747901976108551 0.516492998123169 0.10975594376720471
v -0.40189000964164734 0.20424800169467927 -0.1172330572684856
v -0.38489800691604614 0.21133800399303437 0.11674493854440732
v -0.38489800691604614 0.21133800399303437 -0.11924705351196246
v -0.38489800691604614 0.21133800399303437 0.11674493854440732
v -0.40189000964164734 0.20424800169467927 -0.1172330572684856
v -0.40189000964164734 0.20424800169467927 0.11476093833841366
v 0.9111040234565735 -0.008191999152302742 -0.12773105944000201
v 0.9281439781188965 -0.015417000383138656 0.12376394426025433
v 0.9281439781188965 -0.015417000383138656 -0.12623605573974567
v 0.9281439781188965 -0.015417000383138656 0.12376394426025433
v 0.9111040234565735 -0.008191999152302742 -0.12773105944000201
v 0.9111040234565735 -0.008191999152302742 0.12477094238199277
v 0.7309100031852722 0.5095830018520355 -0.11473106289707141
v 0.747901976108551 0.516492998123169 0.10975594376720471
v 0.747901976108551 0.516492998123169 -0.11222805524669605
v 0.747901976108551 0.516492998123169 0.10975594376720471
v 0.7309100031852722 0.5095830018520355 -0.11473106289707141
v 0.7309100031852722 0.5095830018520355 0.11177093838848157
v -0.07736100256443024 0.6871430034637451 -0.04023705864749866
v -0.06161800026893616 0.6803430075645447 0.03776594182051701
v -0.06161800026893616 0.6803430075645447 -0.04023705864749866
v -0.06161800026893616 0.6803430075645447 0.03776594182051701
v -0.07736100256443024 0.6871430034637451 -0.04023705864749866
v -0.07736100256443024 0.6871430034637451 0.03776594182051701
v -0.07736100256443024 0.6871430034637451 0.03776594182051701
v -0.0931520015001297 0.6803430075645447 -0.04023705864749866
v -0.0931520015001297 0.6803430075645447 0.03776594182051701
v -0.0931520015001297 0.6803430075645447 -0.04023705864749866
v -0.07736100256443024 0.6871430034637451 0.03776594182051701
v -0.07736100256443024 0.6871430034637451 -0.04023705864749866
v -0.36785799264907837 0.20424800169467927 -0.1172330572684856
v -0.38489800691604614 0.21133800399303437 0.11674493854440732
v -0.36785799264907837 0.20424800169467927 0.11476093833841366
v -0.38489800691604614 0.21133800399303437 0.11674493854440732
v -0.36785799264907837 0.20424800169467927 -0.1172330572684856
v -0.38489800691604614 0.21133800399303437 -0.11924705351196246
v 0.8941119909286499 -0.015417000383138656 -0.12623605573974567
v 0.9111040234565735 -0.008191999152302742 0.12477094238199277
v 0.9111040234565735 -0.008191999152302742 -0.12773105944000201
v 0.9111040234565735 -0.008191999152302742 0.12477094238199277
v 0.8941119909286499 -0.015417000383138656 -0.12623605573974567
v 0.8941119909286499 -0.015417000383138656 0.12376394426025433
v -1.284224033355713 0.6553929800987244 -0.04023705864749866
v -1.2711210250854492 0.6610430235862732 0.037246941826715896
v -1.2711210250854492 0.6610430235862732 -0.04023705864749866
v -1.2711210250854492 0.6610430235862732 0.037246941826715896
v -1.284224033355713 0.6553929800987244 -0.04023705864749866
v -1.284224033355713 0.6553929800987244 0.037246941826715896
v -1.2711210250854492 0.6610430235862732 -0.04023705864749866
v -1.2580660581588745 0.6553929800987244 0.037246941826715896
v -1.2580660581588745 0.6553929800987244 -0.04023705864749866
v -1.2580660581588745 0.6553929800987244 0.037246941826715896
v -1.2711210250854492 0.6610430235862732 -0.04023705864749866
v -1.2711210250854492 0.6610430235862732 0.037246941826715896
v 0.8941119909286499 -0.05031699883937836 0.11775194411672635
v 0.8941119909286499 -0.015417000383138656 0.12376394426025433
v 0.887054979801178 -0.03286700147390366 0.12077293848194165
v 0.8941119909286499 -0.05031699883937836 0.11775194411672635
v 0.9111040234565735 -0.008191999152302742 0.12477094238199277
v 0.8941119909286499 -0.015417000383138656 0.12376394426025433
v 0.9111040234565735 -0.057541998207569126 0.11625694041647
v 0.9111040234565735 -0.008191999152302742 0.12477094238199277
v 0.8941119909286499 -0.05031699883937836 0.11775194411672635
v 0.9111040234565735 -0.008191999152302742 0.12477094238199277
v 0.9111040234565735 -0.057541998207569126 0.11625694041647
v 0.9281439781188965 -0.05031699883937836 0.11775194411672635
v 0.9281439781188965 -0.05031699883937836 0.11775194411672635
v 0.9281439781188965 -0.015417000383138656 0.12376394426025433
v 0.9111040234565735 -0.008191999152302742 0.12477094238199277
v 0.9281439781188965 -0.015417000383138656 0.12376394426025433
v 0.9281439781188965 -0.05031699883937836 0.11775194411672635
v 0.9351530075073242 -0.03286700147390366 0.12077293848194165
v 0.7309100031852722 0.47621799063682557 0.12324494426645322
v 0.7309100031852722 0.5095830018520355 0.11177093838848157
v 0.7238569855690002 0.4929029996395111 0.11775194411672635
v 0.7309100031852722 0.5095830018520355 0.11177093838848157
v 0.7309100031852722 0.47621799063682557 0.12324494426645322
v 0.747901976108551 0.516492998123169 0.10975594376720471
v 0.747901976108551 0.46930799436569215 0.12574794446624799
v 0.747901976108551 0.516492998123169 0.10975594376720471
v 0.7309100031852722 0.47621799063682557 0.12324494426645322
v 0.747901976108551 0.516492998123169 0.10975594376720471
v 0.747901976108551 0.46930799436569215 0.12574794446624799
v 0.7649419903755188 0.47621799063682557 0.12324494426645322
v 0.7649419903755188 0.47621799063682557 0.12324494426645322
v 0.7649419903755188 0.5095830018520355 0.11177093838848157
v 0.747901976108551 0.516492998123169 0.10975594376720471
v 0.7649419903755188 0.5095830018520355 0.11177093838848157
v 0.7649419903755188 0.47621799063682557 0.12324494426645322
v 0.7719510197639465 0.4929029996395111 0.11775194411672635
v -0.40189000964164734 0.17001799297332765 0.10575893824495358
v -0.40189000964164734 0.20424800169467927 0.11476093833841366
v -0.4089429974555969 0.18713300478458406 0.11024494027294202
v -0.38489800691604614 0.16293299746513368 0.10374494200147671
v -0.40189000964164734 0.20424800169467927 0.11476093833841366
v -0.40189000964164734 0.17001799297332765 0.10575893824495358
v -0.40189000964164734 0.20424800169467927 0.11476093833841366
v -0.38489800691604614 0.16293299746513368 0.10374494200147671
v -0.38489800691604614 0.21133800399303437 0.11674493854440732
v -0.38489800691604614 0.16293299746513368 0.10374494200147671
v -0.36785799264907837 0.20424800169467927 0.11476093833841366
v -0.38489800691604614 0.21133800399303437 0.11674493854440732
v -0.36785799264907837 0.20424800169467927 0.11476093833841366
v -0.38489800691604614 0.16293299746513368 0.10374494200147671
v -0.36785799264907837 0.17001799297332765 0.10575893824495358
v -0.36785799264907837 0.20424800169467927 0.11476093833841366
v -0.36785799264907837 0.17001799297332765 0.10575893824495358
v -0.360848993062973 0.18713300478458406 0.11024494027294202
v -0.40189000964164734 0.17001799297332765 -0.10823105717502551
v -0.4089429974555969 0.18713300478458406 0.11024494027294202
v -0.4089429974555969 0.18713300478458406 -0.11274706269107776
v -0.4089429974555969 0.18713300478458406 0.11024494027294202
v -0.40189000964164734 0.17001799297332765 -0.10823105717502551
v -0.40189000964164734 0.17001799297332765 0.10575893824495358
v -0.4089429974555969 0.18713300478458406 -0.11274706269107776
v -0.40189000964164734 0.20424800169467927 0.11476093833841366
v -0.40189000964164734 0.20424800169467927 -0.1172330572684856
v -0.40189000964164734 0.20424800169467927 0.11476093833841366
v -0.4089429974555969 0.18713300478458406 -0.11274706269107776
v -0.4089429974555969 0.18713300478458406 0.11024494027294202
v 0.8941119909286499 -0.05031699883937836 -0.12025505746208148
v 0.887054979801178 -0.03286700147390366 0.12077293848194165
v 0.887054979801178 -0.03286700147390366 -0.12324506486259418
v 0.887054979801178 -0.03286700147390366 0.12077293848194165
v 0.8941119909286499 -0.05031699883937836 -0.12025505746208148
v 0.8941119909286499 -0.05031699883937836 0.11775194411672635
v -0.09963099658489227 0.6639330143928528 0.03776594182051701
v -0.0931520015001297 0.6475180144309998 -0.04023705864749866
v -0.0931520015001297 0.6475180144309998 0.03776594182051701
v -0.0931520015001297 0.6475180144309998 -0.04023705864749866
v -0.09963099658489227 0.6639330143928528 0.03776594182051701
v -0.09963099658489227 0.6639330143928528 -0.04023705864749866
v -0.0931520015001297 0.6803430075645447 0.03776594182051701
v -0.09963099658489227 0.6639330143928528 -0.04023705864749866
v -0.09963099658489227 0.6639330143928528 0.03776594182051701
v -0.09963099658489227 0.6639330143928528 -0.04023705864749866
v -0.0931520015001297 0.6803430075645447 0.03776594182051701
v -0.0931520015001297 0.6803430075645447 -0.04023705864749866
v 0.7309100031852722 0.47621799063682557 0.12324494426645322
v 0.7238569855690002 0.4929029996395111 -0.12025505746208148
v 0.7309100031852722 0.47621799063682557 -0.12574805761180835
v 0.7238569855690002 0.4929029996395111 -0.12025505746208148
v 0.7309100031852722 0.47621799063682557 0.12324494426645322
v 0.7238569855690002 0.4929029996395111 0.11775194411672635
v 0.7238569855690002 0.4929029996395111 -0.12025505746208148
v 0.7309100031852722 0.5095830018520355 0.11177093838848157
v 0.7309100031852722 0.5095830018520355 -0.11473106289707141
v 0.7238569855690002 0.4929029996395111 -0.12025505746208148
v 0.7238569855690002 0.4929029996395111 0.11775194411672635
v 0.7309100031852722 0.5095830018520355 0.11177093838848157
v 0.887054979801178 -0.03286700147390366 -0.12324506486259418
v 0.8941119909286499 -0.015417000383138656 0.12376394426025433
v 0.8941119909286499 -0.015417000383138656 -0.12623605573974567
v 0.8941119909286499 -0.015417000383138656 0.12376394426025433
v 0.887054979801178 -0.03286700147390366 -0.12324506486259418
v 0.887054979801178 -0.03286700147390366 0.12077293848194165
v -1.2896480560302734 0.6417680139541626 -0.04023705864749866
v -1.284224033355713 0.6553929800987244 0.037246941826715896
v -1.284224033355713 0.6553929800987244 -0.04023705864749866
v -1.284224033355713 0.6553929800987244 0.037246941826715896
v -1.2896480560302734 0.6417680139541626 -0.04023705864749866
v -1.2896480560302734 0.6417680139541626 0.037246941826715896
v -1.284224033355713 0.6281379814147949 -0.04023705864749866
v -1.2896480560302734 0.6417680139541626 0.037246941826715896
v -1.2896480560302734 0.6417680139541626 -0.04023705864749866
v -1.2896480560302734 0.6417680139541626 0.037246941826715896
v -1.284224033355713 0.6281379814147949 -0.04023705864749866
v -1.284224033355713 0.6281379814147949 0.037246941826715896
v 0.747901976108551 0.46930799436569215 0.12574794446624799
v 0.7649419903755188 0.47621799063682557 -0.12574805761180835
v 0.7649419903755188 0.47621799063682557 0.12324494426645322
v 0.7649419903755188 0.47621799063682557 -0.12574805761180835
v 0.747901976108551 0.46930799436569215 0.12574794446624799
v 0.747901976108551 0.46930799436569215 -0.12825005198322253
v -0.38489800691604614 0.16293299746513368 -0.10624705696903186
v -0.40189000964164734 0.17001799297332765 0.10575893824495358
v -0.40189000964164734 0.17001799297332765 -0.10823105717502551
v -0.40189000964164734 0.17001799297332765 0.10575893824495358
v -0.38489800691604614 0.16293299746513368 -0.10624705696903186
v -0.38489800691604614 0.16293299746513368 0.10374494200147671
v 0.9281439781188965 -0.05031699883937836 -0.12025505746208148
v 0.9111040234565735 -0.057541998207569126 0.11625694041647
v 0.9111040234565735 -0.057541998207569126 -0.11872905934654193
v 0.9111040234565735 -0.057541998207569126 0.11625694041647
v 0.9281439781188965 -0.05031699883937836 -0.12025505746208148
v 0.9281439781188965 -0.05031699883937836 0.11775194411672635
v 0.9111040234565735 -0.057541998207569126 0.11625694041647
v 0.8941119909286499 -0.05031699883937836 -0.12025505746208148
v 0.9111040234565735 -0.057541998207569126 -0.11872905934654193
v 0.8941119909286499 -0.05031699883937836 -0.12025505746208148
v 0.9111040234565735 -0.057541998207569126 0.11625694041647
v 0.8941119909286499 -0.05031699883937836 0.11775194411672635
v -0.36785799264907837 0.17001799297332765 -0.10823105717502551
v -0.38489800691604614 0.16293299746513368 0.10374494200147671
v -0.38489800691604614 0.16293299746513368 -0.10624705696903186
v -0.38489800691604614 0.16293299746513368 0.10374494200147671
v -0.36785799264907837 0.17001799297332765 -0.10823105717502551
v -0.36785799264907837 0.17001799297332765 0.10575893824495358
v -0.07736100256443024 0.6407180185317993 0.03776594182051701
v -0.06161800026893616 0.6475180144309998 -0.04023705864749866
v -0.06161800026893616 0.6475180144309998 0.03776594182051701
v -0.06161800026893616 0.6475180144309998 -0.04023705864749866
v -0.07736100256443024 0.6407180185317993 0.03776594182051701
v -0.07736100256443024 0.6407180185317993 -0.04023705864749866
v -0.0931520015001297 0.6475180144309998 0.03776594182051701
v -0.07736100256443024 0.6407180185317993 -0.04023705864749866
v -0.07736100256443024 0.6407180185317993 0.03776594182051701
v -0.07736100256443024 0.6407180185317993 -0.04023705864749866
v -0.0931520015001297 0.6475180144309998 0.03776594182051701
v -0.0931520015001297 0.6475180144309998 -0.04023705864749866
v 0.747901976108551 0.46930799436569215 -0.12825005198322253
v 0.7309100031852722 0.47621799063682557 0.12324494426645322
v 0.7309100031852722 0.47621799063682557 -0.12574805761180835
v 0.7309100031852722 0.47621799063682557 0.12324494426645322
v 0.747901976108551 0.46930799436569215 -0.12825005198322253
v 0.747901976108551 0.46930799436569215 0.12574794446624799
v -1.2711210250854492 0.622493004322052 -0.04023705864749866
v -1.284224033355713 0.6281379814147949 0.037246941826715896
v -1.284224033355713 0.6281379814147949 -0.04023705864749866
v -1.284224033355713 0.6281379814147949 0.037246941826715896
v -1.2711210250854492 0.622493004322052 -0.04023705864749866
v -1.2711210250854492 0.622493004322052 0.037246941826715896
v -1.2580660581588745 0.6281379814147949 -0.04023705864749866
v -1.2711210250854492 0.622493004322052 0.037246941826715896
v -1.2711210250854492 0.622493004322052 -0.04023705864749866
v -1.2711210250854492 0.622493004322052 0.037246941826715896
v -1.2580660581588745 0.6281379814147949 -0.04023705864749866
v -1.2580660581588745 0.6281379814147949 0.037246941826715896
v 0.9281439781188965 -0.05031699883937836 -0.12025505746208148
v 0.9111040234565735 -0.008191999152302742 -0.12773105944000201
v 0.9281439781188965 -0.015417000383138656 -0.12623605573974567
v 0.9281439781188965 -0.05031699883937836 -0.12025505746208148
v 0.9281439781188965 -0.015417000383138656 -0.12623605573974567
v 0.9351530075073242 -0.03286700147390366 -0.12324506486259418
v 0.9111040234565735 -0.008191999152302742 -0.12773105944000201
v 0.9281439781188965 -0.05031699883937836 -0.12025505746208148
v 0.9111040234565735 -0.057541998207569126 -0.11872905934654193
v 0.8941119909286499 -0.05031699883937836 -0.12025505746208148
v 0.9111040234565735 -0.008191999152302742 -0.12773105944000201
v 0.9111040234565735 -0.057541998207569126 -0.11872905934654193
v 0.9111040234565735 -0.008191999152302742 -0.12773105944000201
v 0.8941119909286499 -0.05031699883937836 -0.12025505746208148
v 0.8941119909286499 -0.015417000383138656 -0.12623605573974567
v 0.8941119909286499 -0.015417000383138656 -0.12623605573974567
v 0.8941119909286499 -0.05031699883937836 -0.12025505746208148
v 0.887054979801178 -0.03286700147390366 -0.12324506486259418
v 0.7649419903755188 0.47621799063682557 -0.12574805761180835
v 0.747901976108551 0.516492998123169 -0.11222805524669605
v 0.7649419903755188 0.5095830018520355 -0.11473106289707141
v 0.7649419903755188 0.47621799063682557 -0.12574805761180835
v 0.7649419903755188 0.5095830018520355 -0.11473106289707141
v 0.7719510197639465 0.4929029996395111 -0.12025505746208148
v 0.747901976108551 0.516492998123169 -0.11222805524669605
v 0.7649419903755188 0.47621799063682557 -0.12574805761180835
v 0.747901976108551 0.46930799436569215 -0.12825005198322253
v 0.7309100031852722 0.47621799063682557 -0.12574805761180835
v 0.747901976108551 0.516492998123169 -0.11222805524669605
v 0.747901976108551 0.46930799436569215 -0.12825005198322253
v 0.747901976108551 0.516492998123169 -0.11222805524669605
v 0.7309100031852722 0.47621799063682557 -0.12574805761180835
v 0.7309100031852722 0.5095830018520355 -0.11473106289707141
v 0.7309100031852722 0.5095830018520355 -0.11473106289707141
v 0.7309100031852722 0.47621799063682557 -0.12574805761180835
v 0.7238569855690002 0.4929029996395111 -0.12025505746208148
v -0.36785799264907837 0.20424800169467927 -0.1172330572684856
v -0.36785799264907837 0.17001799297332765 -0.10823105717502551
v -0.38489800691604614 0.16293299746513368 -0.10624705696903186
v -0.36785799264907837 0.17001799297332765 -0.10823105717502551
v -0.36785799264907837 0.20424800169467927 -0.1172330572684856
v -0.360848993062973 0.18713300478458406 -0.11274706269107776
v -0.36785799264907837 0.20424800169467927 -0.1172330572684856
v -0.38489800691604614 0.16293299746513368 -0.10624705696903186
v -0.38489800691604614 0.21133800399303437 -0.11924705351196246
v -0.38489800691604614 0.21133800399303437 -0.11924705351196246
v -0.38489800691604614 0.16293299746513368 -0.10624705696903186
v -0.40189000964164734 0.20424800169467927 -0.1172330572684856
v -0.40189000964164734 0.20424800169467927 -0.1172330572684856
v -0.38489800691604614 0.16293299746513368 -0.10624705696903186
v -0.40189000964164734 0.17001799297332765 -0.10823105717502551
v -0.40189000964164734 0.20424800169467927 -0.1172330572684856
v -0.40189000964164734 0.17001799297332765 -0.10823105717502551
v -0.4089429974555969 0.18713300478458406 -0.11274706269107776
vt 44.027400970458984 0.9360650181770325
vt 43.95899963378906 1.036579966545105
vt 43.972599029541016 0.9360650181770325
vt 44.04100036621094 1.036579966545105
vt 43.95899963378906 1.036579966545105
vt 44.027400970458984 0.9360650181770325
vt 43.98400115966797 1.1412299871444702
vt 43.98400115966797 1.116129994392395
vt 43.99039840698242 1.1412299871444702
vt 43.99039840698242 1.116129994392395
vt 43.99039840698242 1.1412299871444702
vt 43.98400115966797 1.116129994392395
vt 43.98400115966797 1.116129994392395
vt 43.98400115966797 1.0537300109863281
vt 43.99039840698242 1.116129994392395
vt 43.99039840698242 1.0537300109863281
vt 43.99039840698242 1.116129994392395
vt 43.98400115966797 1.0537300109863281
vt 44.00960159301758 1.116129994392395
vt 44.01599884033203 1.1412299871444702
vt 44.00960159301758 1.1412299871444702
vt 44.01599884033203 1.1412299871444702
vt 44.00960159301758 1.116129994392395
vt 44.01599884033203 1.116129994392395
vt 44.00960159301758 1.116129994392395
vt 44.01599884033203 1.0537300109863281
vt 44.01599884033203 1.116129994392395
vt 44.01599884033203 1.0537300109863281
vt 44.00960159301758 1.116129994392395
vt 44.00960159301758 1.0537300109863281
vt 43.97380065917969 1.0843700170516968
vt 44.04100036621094 1.036579966545105
vt 44.02619934082031 1.0843700170516968
vt 44.04100036621094 1.036579966545105
vt 43.97380065917969 1.0843700170516968
vt 43.95899963378906 1.036579966545105
vt 43.99039840698242 1.1093100309371948
vt 43.99039840698242 1.0537300109863281
vt 44.00960159301758 1.1093100309371948
vt 44.00960159301758 1.0537300109863281
vt 44.00960159301758 1.1093100309371948
vt 43.99039840698242 1.0537300109863281
vt 44.02190017700195 0.9027280211448669
vt 44.02190017700195 1.0180399417877197
vt 43.97809982299805 1.0180399417877197
vt 44.02190017700195 0.9027280211448669
vt 43.97809982299805 1.0180399417877197
vt 43.97809982299805 0.9027280211448669
vt 44.02190017700195 0.9027280211448669
vt 43.97809982299805 0.9027280211448669
vt 43.97809982299805 0.8947920203208923
vt 43.97809982299805 0.8947920203208923
vt 44.02190017700195 0.8947920203208923
vt 44.02190017700195 0.9027280211448669
vt 44.02190017700195 0.8947920203208923
vt 43.97809982299805 0.8947920203208923
vt 43.97809982299805 0.8789190053939819
vt 43.97809982299805 0.8789190053939819
vt 44.02190017700195 0.8789190053939819
vt 44.02190017700195 0.8947920203208923
vt 43.98400115966797 1.094849944114685
vt 44.01599884033203 1.1144599914550781
vt 43.98400115966797 1.1144599914550781
vt 44.01599884033203 1.1144599914550781
vt 43.98400115966797 1.094849944114685
vt 44.01599884033203 1.094849944114685
vt 44.01599884033203 1.094849944114685
vt 43.98400115966797 1.094849944114685
vt 43.98400115966797 1.0605900287628174
vt 44.01599884033203 1.0605900287628174
vt 44.01599884033203 1.094849944114685
vt 43.98400115966797 1.0605900287628174
vt 44.30189895629883 1.0160000324249268
vt 43.971900939941406 1.0160000324249268
vt 44.30189895629883 1.009600043296814
vt 43.971900939941406 1.009600043296814
vt 44.30189895629883 1.009600043296814
vt 43.971900939941406 1.0160000324249268
vt 44.30189895629883 0.9904000163078308
vt 43.971900939941406 0.984000027179718
vt 44.30189895629883 0.984000027179718
vt 43.971900939941406 0.984000027179718
vt 44.30189895629883 0.9904000163078308
vt 43.971900939941406 0.9904000163078308
vt 43.956199645996094 0.9775999784469604
vt 43.99380111694336 0.9775999784469604
vt 43.956199645996094 1.0224000215530396
vt 43.956199645996094 0.9775999784469604
vt 43.956199645996094 1.0224000215530396
vt 43.93880081176758 1.0224000215530396
vt 43.93880081176758 1.0224000215530396
vt 43.93880081176758 0.9775999784469604
vt 43.956199645996094 0.9775999784469604
vt 43.99380111694336 0.9775999784469604
vt 43.99380111694336 1.0224000215530396
vt 43.956199645996094 1.0224000215530396
vt 43.93880081176758 0.9775999784469604
vt 43.93880081176758 1.0224000215530396
vt 43.926300048828125 1.0224000215530396
vt 43.926300048828125 1.0224000215530396
vt 43.926300048828125 0.9775999784469604
vt 43.93880081176758 0.9775999784469604
vt 43.926300048828125 0.9775999784469604
vt 43.926300048828125 1.0224000215530396
vt 43.90530014038086 1.0224000215530396
vt 43.90530014038086 1.0224000215530396
vt 43.90530014038086 0.9775999784469604
vt 43.926300048828125 0.9775999784469604
vt 43.90530014038086 0.9775999784469604
vt 43.90530014038086 1.0224000215530396
vt 43.891300201416016 1.0224000215530396
vt 43.891300201416016 1.0224000215530396
vt 43.891300201416016 0.9775999784469604
vt 43.90530014038086 0.9775999784469604
vt 43.891300201416016 0.9775999784469604
vt 43.891300201416016 1.0224000215530396
vt 43.84960174560547 1.0224000215530396
vt 43.84960174560547 0.9775999784469604
vt 43.891300201416016 0.9775999784469604
vt 43.84960174560547 1.0224000215530396
vt 43.84960174560547 0.9775999784469604
vt 43.84960174560547 1.0224000215530396
vt 43.80339813232422 1.0224000215530396
vt 43.80339813232422 0.9775999784469604
vt 43.84960174560547 0.9775999784469604
vt 43.80339813232422 1.0224000215530396
vt 43.80339813232422 0.9775999784469604
vt 43.80339813232422 1.0224000215530396
vt 43.778099060058594 1.0262099504470825
vt 43.778099060058594 1.0262099504470825
vt 43.778099060058594 0.9737920165061951
vt 43.80339813232422 0.9775999784469604
vt 43.778099060058594 0.9737920165061951
vt 43.778099060058594 1.0262099504470825
vt 43.73189926147461 1.0262099504470825
vt 43.73189926147461 0.9737920165061951
vt 43.778099060058594 0.9737920165061951
vt 43.73189926147461 1.0262099504470825
vt 43.73189926147461 0.9737920165061951
vt 43.73189926147461 1.0262099504470825
vt 43.69369888305664 1.0262099504470825
vt 43.69369888305664 0.9737920165061951
vt 43.73189926147461 0.9737920165061951
vt 43.69369888305664 1.0262099504470825
vt 43.97719955444336 0.9904000163078308
vt 44.311798095703125 0.9904000163078308
vt 44.311798095703125 1.009600043296814
vt 43.97719955444336 0.9904000163078308
vt 44.311798095703125 1.009600043296814
vt 43.97719955444336 1.009600043296814
vt 43.97719955444336 0.9904000163078308
vt 43.97719955444336 1.009600043296814
vt 43.961299896240234 0.9904000163078308
vt 43.961299896240234 0.9904000163078308
vt 43.97719955444336 1.009600043296814
vt 43.961299896240234 1.009600043296814
vt 44.003700256347656 0.987500011920929
vt 44.07830047607422 0.9775999784469604
vt 44.07830047607422 0.987500011920929
vt 44.17380142211914 0.987500011920929
vt 44.07830047607422 0.987500011920929
vt 44.07830047607422 0.9775999784469604
vt 44.07830047607422 0.9775999784469604
vt 44.003700256347656 0.987500011920929
vt 43.99380111694336 0.9775999784469604
vt 44.07830047607422 0.9775999784469604
vt 44.31869888305664 0.9775999784469604
vt 44.17380142211914 0.987500011920929
vt 44.003700256347656 1.0125000476837158
vt 43.99380111694336 0.9775999784469604
vt 44.003700256347656 0.987500011920929
vt 44.31869888305664 1.0224000215530396
vt 44.17380142211914 0.987500011920929
vt 44.31869888305664 0.9775999784469604
vt 43.99380111694336 0.9775999784469604
vt 44.003700256347656 1.0125000476837158
vt 43.99380111694336 1.0224000215530396
vt 44.17380142211914 0.987500011920929
vt 44.31869888305664 1.0224000215530396
vt 44.17380142211914 1.0125000476837158
vt 44.003700256347656 1.0125000476837158
vt 44.07830047607422 1.0224000215530396
vt 43.99380111694336 1.0224000215530396
vt 44.31869888305664 1.0224000215530396
vt 44.07830047607422 1.0224000215530396
vt 44.17380142211914 1.0125000476837158
vt 44.07830047607422 1.0224000215530396
vt 44.003700256347656 1.0125000476837158
vt 44.07830047607422 1.0125000476837158
vt 44.17380142211914 1.0125000476837158
vt 44.07830047607422 1.0224000215530396
vt 44.07830047607422 1.0125000476837158
vt 43.91999816894531 1.036579966545105
vt 43.691200256347656 0.9988489747047424
vt 43.92530059814453 0.9863889813423157
vt 43.691200256347656 0.9988489747047424
vt 43.91999816894531 1.036579966545105
vt 43.676300048828125 1.036579966545105
vt 43.92530059814453 0.9863889813423157
vt 44.00619888305664 1.0065799951553345
vt 43.91999816894531 1.036579966545105
vt 44.00619888305664 1.036579966545105
vt 43.91999816894531 1.036579966545105
vt 44.00619888305664 1.0065799951553345
vt 44.043800354003906 1.0065799951553345
vt 44.00619888305664 1.036579966545105
vt 44.00619888305664 1.0065799951553345
vt 44.00619888305664 1.036579966545105
vt 44.043800354003906 1.0065799951553345
vt 44.043800354003906 1.036579966545105
vt 44.043800354003906 1.0065799951553345
vt 44.06119918823242 1.036579966545105
vt 44.043800354003906 1.036579966545105
vt 44.06119918823242 1.036579966545105
vt 44.043800354003906 1.0065799951553345
vt 44.06119918823242 0.9965770244598389
vt 44.06119918823242 1.036579966545105
vt 44.06119918823242 0.9965770244598389
vt 44.073699951171875 1.036579966545105
vt 44.073699951171875 0.9640769958496094
vt 44.073699951171875 1.036579966545105
vt 44.06119918823242 0.9965770244598389
vt 44.08720016479492 0.9640769958496094
vt 44.073699951171875 1.036579966545105
vt 44.073699951171875 0.9640769958496094
vt 44.073699951171875 1.036579966545105
vt 44.08720016479492 0.9640769958496094
vt 44.09469985961914 1.036579966545105
vt 44.08720016479492 0.9640769958496094
vt 44.108699798583984 1.036579966545105
vt 44.09469985961914 1.036579966545105
vt 44.108699798583984 1.036579966545105
vt 44.08720016479492 0.9640769958496094
vt 44.15039825439453 0.9888420104980469
vt 44.108699798583984 1.036579966545105
vt 44.15039825439453 0.9888420104980469
vt 44.15039825439453 1.036579966545105
vt 44.15039825439453 0.9888420104980469
vt 44.19660186767578 1.036579966545105
vt 44.15039825439453 1.036579966545105
vt 44.19660186767578 1.036579966545105
vt 44.15039825439453 0.9888420104980469
vt 44.19660186767578 0.950639009475708
vt 44.19660186767578 0.950639009475708
vt 44.221900939941406 1.036579966545105
vt 44.19660186767578 1.036579966545105
vt 44.221900939941406 1.036579966545105
vt 44.19660186767578 0.950639009475708
vt 44.221900939941406 0.9343730211257935
vt 44.25299835205078 0.934548020362854
vt 44.221900939941406 1.036579966545105
vt 44.221900939941406 0.9343730211257935
vt 44.221900939941406 1.036579966545105
vt 44.25299835205078 0.934548020362854
vt 44.26810073852539 1.036579966545105
vt 44.30619812011719 0.9360650181770325
vt 44.26810073852539 1.036579966545105
vt 44.25299835205078 0.934548020362854
vt 44.26810073852539 1.036579966545105
vt 44.30619812011719 0.9360650181770325
vt 44.323699951171875 1.036579966545105
vt 43.92169952392578 1.061579942703247
vt 43.68130111694336 1.061579942703247
vt 43.91999816894531 1.036579966545105
vt 43.676300048828125 1.036579966545105
vt 43.91999816894531 1.036579966545105
vt 43.68130111694336 1.061579942703247
vt 43.91999816894531 1.036579966545105
vt 44.00619888305664 1.036579966545105
vt 43.92169952392578 1.061579942703247
vt 44.00619888305664 1.061579942703247
vt 43.92169952392578 1.061579942703247
vt 44.00619888305664 1.036579966545105
vt 44.043800354003906 1.036579966545105
vt 44.00619888305664 1.061579942703247
vt 44.00619888305664 1.036579966545105
vt 44.00619888305664 1.061579942703247
vt 44.043800354003906 1.036579966545105
vt 44.043800354003906 1.061579942703247
vt 44.06119918823242 1.036579966545105
vt 44.043800354003906 1.061579942703247
vt 44.043800354003906 1.036579966545105
vt 44.043800354003906 1.061579942703247
vt 44.06119918823242 1.036579966545105
vt 44.06119918823242 1.061579942703247
vt 44.073699951171875 1.036579966545105
vt 44.06119918823242 1.061579942703247
vt 44.06119918823242 1.036579966545105
vt 44.06119918823242 1.061579942703247
vt 44.073699951171875 1.036579966545105
vt 44.073699951171875 1.061579942703247
vt 44.09469985961914 1.036579966545105
vt 44.073699951171875 1.061579942703247
vt 44.073699951171875 1.036579966545105
vt 44.073699951171875 1.061579942703247
vt 44.09469985961914 1.036579966545105
vt 44.09469985961914 1.061579942703247
vt 44.108699798583984 1.036579966545105
vt 44.09469985961914 1.061579942703247
vt 44.09469985961914 1.036579966545105
vt 44.09469985961914 1.061579942703247
vt 44.108699798583984 1.036579966545105
vt 44.108699798583984 1.061579942703247
vt 44.15039825439453 1.036579966545105
vt 44.108699798583984 1.061579942703247
vt 44.108699798583984 1.036579966545105
vt 44.108699798583984 1.061579942703247
vt 44.15039825439453 1.036579966545105
vt 44.15039825439453 1.061579942703247
vt 44.19660186767578 1.036579966545105
vt 44.15039825439453 1.061579942703247
vt 44.15039825439453 1.036579966545105
vt 44.15039825439453 1.061579942703247
vt 44.19660186767578 1.036579966545105
vt 44.19660186767578 1.061579942703247
vt 44.221900939941406 1.036579966545105
vt 44.19660186767578 1.061579942703247
vt 44.19660186767578 1.036579966545105
vt 44.221900939941406 1.036579966545105
vt 44.221900939941406 1.0843700170516968
vt 44.19660186767578 1.061579942703247
vt 44.26810073852539 1.036579966545105
vt 44.221900939941406 1.0843700170516968
vt 44.221900939941406 1.036579966545105
vt 44.221900939941406 1.0843700170516968
vt 44.26810073852539 1.036579966545105
vt 44.26810073852539 1.0843700170516968
vt 44.26810073852539 1.036579966545105
vt 44.30630111694336 1.0843700170516968
vt 44.26810073852539 1.0843700170516968
vt 44.30630111694336 1.0843700170516968
vt 44.26810073852539 1.036579966545105
vt 44.323699951171875 1.036579966545105
vt 44.000999450683594 1.0180399417877197
vt 43.95439910888672 0.8845189809799194
vt 44.02909851074219 0.9027280211448669
vt 43.95439910888672 0.8845189809799194
vt 44.000999450683594 1.0180399417877197
vt 43.926300048828125 0.9998260140419006
vt 43.95439910888672 0.8845189809799194
vt 44.03110122680664 0.8947920203208923
vt 44.02909851074219 0.9027280211448669
vt 44.03110122680664 0.8947920203208923
vt 43.95439910888672 0.8845189809799194
vt 43.94839859008789 0.8746479749679565
vt 44.03110122680664 0.8947920203208923
vt 43.94839859008789 0.8746479749679565
vt 43.952301025390625 0.8587750196456909
vt 43.952301025390625 0.8587750196456909
vt 44.0349006652832 0.8789190053939819
vt 44.03110122680664 0.8947920203208923
vt 43.68330001831055 1.1061999797821045
vt 43.71179962158203 1.094849944114685
vt 43.69810104370117 1.1316399574279785
vt 43.71179962158203 1.094849944114685
vt 43.68330001831055 1.1061999797821045
vt 43.68330001831055 1.0605900287628174
vt 43.71179962158203 1.094849944114685
vt 43.68330001831055 1.0605900287628174
vt 43.71179962158203 1.0605900287628174
vt 43.71179962158203 1.094849944114685
vt 43.72560119628906 1.1144599914550781
vt 43.69810104370117 1.1316399574279785
vt 44.028099060058594 1.1412299871444702
vt 43.69810104370117 1.1316399574279785
vt 43.72560119628906 1.1144599914550781
vt 43.72560119628906 1.1144599914550781
vt 44.003299713134766 1.1124800443649292
vt 44.028099060058594 1.1412299871444702
vt 44.04819869995117 1.116129994392395
vt 44.028099060058594 1.1412299871444702
vt 44.003299713134766 1.1124800443649292
vt 44.04819869995117 1.116129994392395
vt 44.003299713134766 1.1124800443649292
vt 44.016998291015625 1.0962300300598145
vt 44.016998291015625 1.0962300300598145
vt 44.04819869995117 1.0537300109863281
vt 44.04819869995117 1.116129994392395
vt 44.016998291015625 1.0962300300598145
vt 44.016998291015625 1.0537300109863281
vt 44.04819869995117 1.0537300109863281
vt 44.028099060058594 1.1412299871444702
vt 43.69810104370117 1.1316399574279785
vt 44.02280044555664 1.1192100048065186
vt 43.688201904296875 1.114050030708313
vt 44.02280044555664 1.1192100048065186
vt 43.69810104370117 1.1316399574279785
vt 44.02280044555664 1.1192100048065186
vt 44.04819869995117 1.116129994392395
vt 44.028099060058594 1.1412299871444702
vt 44.04819869995117 1.116129994392395
vt 44.02280044555664 1.1192100048065186
vt 44.038700103759766 1.1093100309371948
vt 44.038700103759766 1.1093100309371948
vt 44.04819869995117 1.0537300109863281
vt 44.04819869995117 1.116129994392395
vt 44.04819869995117 1.0537300109863281
vt 44.038700103759766 1.1093100309371948
vt 44.038700103759766 1.0537300109863281
vt 43.98400115966797 1.0605900287628174
vt 44.01599884033203 1.1061999797821045
vt 43.98400115966797 1.1061999797821045
vt 44.01599884033203 1.1061999797821045
vt 43.98400115966797 1.0605900287628174
vt 44.01599884033203 1.0605900287628174
vt 43.96500015258789 1.036579966545105
vt 44.03499984741211 1.036579966545105
vt 43.97760009765625 1.061579942703247
vt 43.97760009765625 1.061579942703247
vt 44.03499984741211 1.036579966545105
vt 44.02239990234375 1.061579942703247
vt 43.976600646972656 0.9988489747047424
vt 44.03499984741211 1.036579966545105
vt 43.96500015258789 1.036579966545105
vt 44.03499984741211 1.036579966545105
vt 43.976600646972656 0.9988489747047424
vt 44.023399353027344 0.9988489747047424
vt 43.97809982299805 0.8587750196456909
vt 44.02190017700195 0.8746479749679565
vt 43.97809982299805 0.8746479749679565
vt 44.02190017700195 0.8746479749679565
vt 43.97809982299805 0.8587750196456909
vt 44.02190017700195 0.8587750196456909
vt 43.97809982299805 0.9998260140419006
vt 43.97809982299805 0.8845189809799194
vt 44.02190017700195 0.8845189809799194
vt 43.97809982299805 0.9998260140419006
vt 44.02190017700195 0.8845189809799194
vt 44.02190017700195 0.9998260140419006
vt 44.00960159301758 1.1316399574279785
vt 44.00960159301758 1.114050030708313
vt 44.01599884033203 1.1316399574279785
vt 44.01599884033203 1.1061999797821045
vt 44.01599884033203 1.1316399574279785
vt 44.00960159301758 1.114050030708313
vt 43.98400115966797 1.1061999797821045
vt 44.01599884033203 1.1061999797821045
vt 44.00960159301758 1.114050030708313
vt 43.98400115966797 1.1061999797821045
vt 44.00960159301758 1.114050030708313
vt 43.99039840698242 1.114050030708313
vt 43.98400115966797 1.1316399574279785
vt 43.98400115966797 1.1061999797821045
vt 43.99039840698242 1.114050030708313
vt 43.98400115966797 1.1316399574279785
vt 43.99039840698242 1.114050030708313
vt 43.99039840698242 1.1316399574279785
vt 43.976600646972656 0.9640769958496094
vt 44.028099060058594 0.9965770244598389
vt 43.971900939941406 0.9965770244598389
vt 44.028099060058594 0.9965770244598389
vt 43.976600646972656 0.9640769958496094
vt 44.023399353027344 0.9640769958496094
vt 43.97809982299805 0.8746479749679565
vt 44.02190017700195 0.8845189809799194
vt 43.97809982299805 0.8845189809799194
vt 44.02190017700195 0.8845189809799194
vt 43.97809982299805 0.8746479749679565
vt 44.02190017700195 0.8746479749679565
vt 43.98400115966797 1.0962300300598145
vt 43.98400115966797 1.0537300109863281
vt 44.01599884033203 1.0537300109863281
vt 43.98400115966797 1.0962300300598145
vt 44.01599884033203 1.0537300109863281
vt 44.01599884033203 1.0962300300598145
vt 43.98400115966797 1.0962300300598145
vt 44.01599884033203 1.0962300300598145
vt 44.01599884033203 1.1124800443649292
vt 44.01599884033203 1.1124800443649292
vt 43.98400115966797 1.1124800443649292
vt 43.98400115966797 1.0962300300598145
vt 43.952301025390625 0.978111982345581
vt 44.0349006652832 0.978111982345581
vt 44.0349006652832 1.0218900442123413
vt 43.952301025390625 0.978111982345581
vt 44.0349006652832 1.0218900442123413
vt 43.952301025390625 1.0218900442123413
vt 44.15039825439453 0.9765959978103638
vt 44.08720016479492 1.0233999490737915
vt 44.08720016479492 0.9765959978103638
vt 44.073699951171875 1.0233999490737915
vt 44.08720016479492 0.9765959978103638
vt 44.08720016479492 1.0233999490737915
vt 44.08720016479492 0.9765959978103638
vt 44.073699951171875 1.0233999490737915
vt 44.073699951171875 0.9765959978103638
vt 44.08720016479492 1.0233999490737915
vt 44.15039825439453 0.9765959978103638
vt 44.15039825439453 1.0233999490737915
vt 44.19660186767578 0.9765959978103638
vt 44.15039825439453 1.0233999490737915
vt 44.15039825439453 0.9765959978103638
vt 44.15039825439453 1.0233999490737915
vt 44.19660186767578 0.9765959978103638
vt 44.19660186767578 1.0233999490737915
vt 44.221900939941406 0.972616970539093
vt 44.19660186767578 1.0233999490737915
vt 44.19660186767578 0.9765959978103638
vt 44.19660186767578 1.0233999490737915
vt 44.221900939941406 0.972616970539093
vt 44.221900939941406 1.0273799896240234
vt 44.25299835205078 0.972616970539093
vt 44.221900939941406 1.0273799896240234
vt 44.221900939941406 0.972616970539093
vt 44.221900939941406 1.0273799896240234
vt 44.25299835205078 0.972616970539093
vt 44.25299835205078 1.0273799896240234
vt 44.30619812011719 0.972616970539093
vt 44.25299835205078 1.0273799896240234
vt 44.25299835205078 0.972616970539093
vt 44.25299835205078 1.0273799896240234
vt 44.30619812011719 0.972616970539093
vt 44.30619812011719 1.0273799896240234
vt 43.691200256347656 0.9765959978103638
vt 43.92530059814453 0.9765959978103638
vt 43.92530059814453 1.0233999490737915
vt 43.691200256347656 0.9765959978103638
vt 43.92530059814453 1.0233999490737915
vt 43.691200256347656 1.0233999490737915
vt 43.92530059814453 0.9765959978103638
vt 44.00619888305664 0.9765959978103638
vt 44.00619888305664 1.0233999490737915
vt 43.92530059814453 0.9765959978103638
vt 44.00619888305664 1.0233999490737915
vt 43.92530059814453 1.0233999490737915
vt 44.043800354003906 0.9719150066375732
vt 44.00619888305664 1.0233999490737915
vt 44.00619888305664 0.9765959978103638
vt 44.00619888305664 1.0233999490737915
vt 44.043800354003906 0.9719150066375732
vt 44.043800354003906 1.0280799865722656
vt 44.06119918823242 0.9719150066375732
vt 44.043800354003906 1.0280799865722656
vt 44.043800354003906 0.9719150066375732
vt 44.043800354003906 1.0280799865722656
vt 44.06119918823242 0.9719150066375732
vt 44.06119918823242 1.0280799865722656
vt 44.04819869995117 0.984000027179718
vt 44.038700103759766 0.9904000163078308
vt 44.016998291015625 0.984000027179718
vt 44.038700103759766 0.9904000163078308
vt 44.04819869995117 0.984000027179718
vt 44.04819869995117 0.9904000163078308
vt 44.016998291015625 1.0160000324249268
vt 44.016998291015625 0.984000027179718
vt 44.038700103759766 0.9904000163078308
vt 44.016998291015625 1.0160000324249268
vt 44.038700103759766 0.9904000163078308
vt 44.038700103759766 1.009600043296814
vt 44.038700103759766 1.009600043296814
vt 44.04819869995117 1.0160000324249268
vt 44.016998291015625 1.0160000324249268
vt 44.04819869995117 1.0160000324249268
vt 44.038700103759766 1.009600043296814
vt 44.04819869995117 1.009600043296814
vt 43.68330001831055 0.984000027179718
vt 43.71179962158203 0.984000027179718
vt 43.68330001831055 1.0160000324249268
vt 43.71179962158203 0.984000027179718
vt 43.71179962158203 1.0160000324249268
vt 43.68330001831055 1.0160000324249268
vt 44.003299713134766 1.0160000324249268
vt 43.72560119628906 1.0160000324249268
vt 44.003299713134766 0.984000027179718
vt 43.72560119628906 0.984000027179718
vt 44.003299713134766 0.984000027179718
vt 43.72560119628906 1.0160000324249268
vt 44.08000183105469 1.036579966545105
vt 43.99380111694336 1.0065799951553345
vt 44.07469940185547 0.9863889813423157
vt 44.308799743652344 0.9988489747047424
vt 44.08000183105469 1.036579966545105
vt 44.07469940185547 0.9863889813423157
vt 44.08000183105469 1.036579966545105
vt 44.308799743652344 0.9988489747047424
vt 44.323699951171875 1.036579966545105
vt 43.99380111694336 1.0065799951553345
vt 44.08000183105469 1.036579966545105
vt 43.99380111694336 1.036579966545105
vt 43.956199645996094 1.036579966545105
vt 43.99380111694336 1.0065799951553345
vt 43.99380111694336 1.036579966545105
vt 43.99380111694336 1.0065799951553345
vt 43.956199645996094 1.036579966545105
vt 43.956199645996094 1.0065799951553345
vt 43.93880081176758 1.036579966545105
vt 43.956199645996094 1.0065799951553345
vt 43.956199645996094 1.036579966545105
vt 43.93880081176758 1.036579966545105
vt 43.93880081176758 0.9965770244598389
vt 43.956199645996094 1.0065799951553345
vt 43.926300048828125 1.036579966545105
vt 43.93880081176758 0.9965770244598389
vt 43.93880081176758 1.036579966545105
vt 43.926300048828125 1.036579966545105
vt 43.926300048828125 0.9640769958496094
vt 43.93880081176758 0.9965770244598389
vt 43.926300048828125 1.036579966545105
vt 43.91279983520508 0.9640769958496094
vt 43.926300048828125 0.9640769958496094
vt 43.91279983520508 0.9640769958496094
vt 43.926300048828125 1.036579966545105
vt 43.90530014038086 1.036579966545105
vt 43.891300201416016 1.036579966545105
vt 43.91279983520508 0.9640769958496094
vt 43.90530014038086 1.036579966545105
vt 43.91279983520508 0.9640769958496094
vt 43.891300201416016 1.036579966545105
vt 43.84960174560547 0.9888420104980469
vt 43.84960174560547 0.9888420104980469
vt 43.891300201416016 1.036579966545105
vt 43.84960174560547 1.036579966545105
vt 43.80339813232422 1.036579966545105
vt 43.84960174560547 0.9888420104980469
vt 43.84960174560547 1.036579966545105
vt 43.80339813232422 1.036579966545105
vt 43.80339813232422 0.950639009475708
vt 43.84960174560547 0.9888420104980469
vt 43.778099060058594 1.036579966545105
vt 43.80339813232422 0.950639009475708
vt 43.80339813232422 1.036579966545105
vt 43.778099060058594 1.036579966545105
vt 43.778099060058594 0.9343730211257935
vt 43.80339813232422 0.950639009475708
vt 43.778099060058594 1.036579966545105
vt 43.74700164794922 0.934548020362854
vt 43.778099060058594 0.9343730211257935
vt 43.74700164794922 0.934548020362854
vt 43.778099060058594 1.036579966545105
vt 43.73189926147461 1.036579966545105
vt 43.73189926147461 1.036579966545105
vt 43.69380187988281 0.9360650181770325
vt 43.74700164794922 0.934548020362854
vt 43.69380187988281 0.9360650181770325
vt 43.73189926147461 1.036579966545105
vt 43.676300048828125 1.036579966545105
vt 44.07830047607422 1.061579942703247
vt 43.99380111694336 1.036579966545105
vt 44.08000183105469 1.036579966545105
vt 44.08000183105469 1.036579966545105
vt 44.31869888305664 1.061579942703247
vt 44.07830047607422 1.061579942703247
vt 44.31869888305664 1.061579942703247
vt 44.08000183105469 1.036579966545105
vt 44.323699951171875 1.036579966545105
vt 43.99380111694336 1.036579966545105
vt 44.07830047607422 1.061579942703247
vt 43.99380111694336 1.061579942703247
vt 43.956199645996094 1.061579942703247
vt 43.99380111694336 1.036579966545105
vt 43.99380111694336 1.061579942703247
vt 43.99380111694336 1.036579966545105
vt 43.956199645996094 1.061579942703247
vt 43.956199645996094 1.036579966545105
vt 43.93880081176758 1.061579942703247
vt 43.956199645996094 1.036579966545105
vt 43.956199645996094 1.061579942703247
vt 43.956199645996094 1.036579966545105
vt 43.93880081176758 1.061579942703247
vt 43.93880081176758 1.036579966545105
vt 43.926300048828125 1.061579942703247
vt 43.93880081176758 1.036579966545105
vt 43.93880081176758 1.061579942703247
vt 43.93880081176758 1.036579966545105
vt 43.926300048828125 1.061579942703247
vt 43.926300048828125 1.036579966545105
vt 43.90530014038086 1.061579942703247
vt 43.926300048828125 1.036579966545105
vt 43.926300048828125 1.061579942703247
vt 43.926300048828125 1.036579966545105
vt 43.90530014038086 1.061579942703247
vt 43.90530014038086 1.036579966545105
vt 43.891300201416016 1.061579942703247
vt 43.90530014038086 1.036579966545105
vt 43.90530014038086 1.061579942703247
vt 43.90530014038086 1.036579966545105
vt 43.891300201416016 1.061579942703247
vt 43.891300201416016 1.036579966545105
vt 43.84960174560547 1.061579942703247
vt 43.891300201416016 1.036579966545105
vt 43.891300201416016 1.061579942703247
vt 43.891300201416016 1.036579966545105
vt 43.84960174560547 1.061579942703247
vt 43.84960174560547 1.036579966545105
vt 43.80339813232422 1.061579942703247
vt 43.84960174560547 1.036579966545105
vt 43.84960174560547 1.061579942703247
vt 43.84960174560547 1.036579966545105
vt 43.80339813232422 1.061579942703247
vt 43.80339813232422 1.036579966545105
vt 43.80339813232422 1.061579942703247
vt 43.778099060058594 1.036579966545105
vt 43.80339813232422 1.036579966545105
vt 43.778099060058594 1.036579966545105
vt 43.80339813232422 1.061579942703247
vt 43.778099060058594 1.0843700170516968
vt 43.73189926147461 1.0843700170516968
vt 43.778099060058594 1.036579966545105
vt 43.778099060058594 1.0843700170516968
vt 43.778099060058594 1.036579966545105
vt 43.73189926147461 1.0843700170516968
vt 43.73189926147461 1.036579966545105
vt 43.69369888305664 1.0843700170516968
vt 43.73189926147461 1.036579966545105
vt 43.73189926147461 1.0843700170516968
vt 43.73189926147461 1.036579966545105
vt 43.69369888305664 1.0843700170516968
vt 43.676300048828125 1.036579966545105
vt 43.999000549316406 1.0180399417877197
vt 44.04560089111328 0.8845189809799194
vt 44.073699951171875 0.9998260140419006
vt 44.04560089111328 0.8845189809799194
vt 43.999000549316406 1.0180399417877197
vt 43.97090148925781 0.9027280211448669
vt 44.04560089111328 0.8845189809799194
vt 43.97090148925781 0.9027280211448669
vt 43.96889877319336 0.8947920203208923
vt 43.96889877319336 0.8947920203208923
vt 44.05160140991211 0.8746479749679565
vt 44.04560089111328 0.8845189809799194
vt 43.96889877319336 0.8947920203208923
vt 44.047698974609375 0.8587750196456909
vt 44.05160140991211 0.8746479749679565
vt 44.047698974609375 0.8587750196456909
vt 43.96889877319336 0.8947920203208923
vt 43.9650993347168 0.8789190053939819
vt 43.983001708984375 1.0962300300598145
vt 43.95180130004883 1.116129994392395
vt 43.95180130004883 1.0537300109863281
vt 43.983001708984375 1.0537300109863281
vt 43.983001708984375 1.0962300300598145
vt 43.95180130004883 1.0537300109863281
vt 43.996700286865234 1.1124800443649292
vt 43.95180130004883 1.116129994392395
vt 43.983001708984375 1.0962300300598145
vt 43.95180130004883 1.116129994392395
vt 43.996700286865234 1.1124800443649292
vt 43.971900939941406 1.1412299871444702
vt 44.27439880371094 1.1144599914550781
vt 43.971900939941406 1.1412299871444702
vt 43.996700286865234 1.1124800443649292
vt 43.971900939941406 1.1412299871444702
vt 44.27439880371094 1.1144599914550781
vt 44.30189895629883 1.1316399574279785
vt 44.28820037841797 1.094849944114685
vt 44.30189895629883 1.1316399574279785
vt 44.27439880371094 1.1144599914550781
vt 44.30189895629883 1.1316399574279785
vt 44.28820037841797 1.094849944114685
vt 44.31669998168945 1.1061999797821045
vt 44.31669998168945 1.1061999797821045
vt 44.28820037841797 1.094849944114685
vt 44.31669998168945 1.0605900287628174
vt 44.31669998168945 1.0605900287628174
vt 44.28820037841797 1.094849944114685
vt 44.28820037841797 1.0605900287628174
vt 43.97719955444336 1.1192100048065186
vt 44.30189895629883 1.1316399574279785
vt 43.971900939941406 1.1412299871444702
vt 43.97719955444336 1.1192100048065186
vt 44.311798095703125 1.114050030708313
vt 44.30189895629883 1.1316399574279785
vt 43.95180130004883 1.116129994392395
vt 43.97719955444336 1.1192100048065186
vt 43.971900939941406 1.1412299871444702
vt 43.97719955444336 1.1192100048065186
vt 43.95180130004883 1.116129994392395
vt 43.961299896240234 1.1093100309371948
vt 43.95180130004883 1.0537300109863281
vt 43.961299896240234 1.1093100309371948
vt 43.95180130004883 1.116129994392395
vt 43.961299896240234 1.1093100309371948
vt 43.95180130004883 1.0537300109863281
vt 43.961299896240234 1.0537300109863281
vt 16.043899536132812 -41.00019836425781
vt 15.956100463867188 -41.00019836425781
vt 16.03070068359375 -41.103599548339844
vt 16.03070068359375 -41.103599548339844
vt 15.956100463867188 -41.00019836425781
vt 15.969300270080566 -41.103599548339844
vt 15.956100463867188 -41.00019836425781
vt 16.028499603271484 -40.950199127197266
vt 15.971500396728516 -40.950199127197266
vt 16.028499603271484 -40.950199127197266
vt 15.956100463867188 -41.00019836425781
vt 16.043899536132812 -41.00019836425781
vt 15.975799560546875 -40.97309875488281
vt 16.038000106811523 -40.999900817871094
vt 16.024200439453125 -40.97309875488281
vt 15.961999893188477 -40.999900817871094
vt 16.038000106811523 -40.999900817871094
vt 15.975799560546875 -40.97309875488281
vt 16.029800415039062 -41.03200149536133
vt 15.96560001373291 -41.013999938964844
vt 15.970199584960938 -41.03200149536133
vt 15.96560001373291 -41.013999938964844
vt 16.029800415039062 -41.03200149536133
vt 16.034400939941406 -41.013999938964844
vt 16.005599975585938 -40.895198822021484
vt 15.994400024414062 -40.895198822021484
vt 16 -40.897300720214844
vt 15.995400428771973 -40.899200439453125
vt 16 -40.897300720214844
vt 15.994400024414062 -40.895198822021484
vt 16.004600524902344 -40.899200439453125
vt 16.005599975585938 -40.895198822021484
vt 16 -40.897300720214844
vt 15.991299629211426 -40.89830017089844
vt 15.995400428771973 -40.899200439453125
vt 15.994400024414062 -40.895198822021484
vt 16.004600524902344 -40.899200439453125
vt 16.008699417114258 -40.89830017089844
vt 16.005599975585938 -40.895198822021484
vt 15.993399620056152 -40.90380096435547
vt 15.995400428771973 -40.899200439453125
vt 15.991299629211426 -40.89830017089844
vt 16.008699417114258 -40.89830017089844
vt 16.004600524902344 -40.899200439453125
vt 16.00659942626953 -40.90380096435547
vt 15.991299629211426 -40.89830017089844
vt 15.991299629211426 -40.91469955444336
vt 15.993399620056152 -40.90380096435547
vt 16.008699417114258 -40.91469955444336
vt 16.008699417114258 -40.89830017089844
vt 16.00659942626953 -40.90380096435547
vt 15.991299629211426 -40.91469955444336
vt 15.995400428771973 -40.90850067138672
vt 15.993399620056152 -40.90380096435547
vt 16.008699417114258 -40.91469955444336
vt 16.00659942626953 -40.90380096435547
vt 16.004600524902344 -40.90850067138672
vt 15.991299629211426 -40.91469955444336
vt 16 -40.910400390625
vt 15.995400428771973 -40.90850067138672
vt 16.008699417114258 -40.91469955444336
vt 16.004600524902344 -40.90850067138672
vt 16 -40.910400390625
vt 16 -40.910400390625
vt 15.991299629211426 -40.91469955444336
vt 16.008699417114258 -40.91469955444336
vt 16.021900177001953 -41.044700622558594
vt 16.01099967956543 -41.06880187988281
vt 16.021900177001953 -41.06399917602539
vt 15.978099822998047 -41.044700622558594
vt 16.01099967956543 -41.06880187988281
vt 16.021900177001953 -41.044700622558594
vt 16.01099967956543 -41.06880187988281
vt 15.978099822998047 -41.044700622558594
vt 15.98900032043457 -41.06880187988281
vt 15.98900032043457 -41.06880187988281
vt 15.978099822998047 -41.044700622558594
vt 15.978099822998047 -41.06399917602539
vt 15.990900039672852 -40.91740036010742
vt 16.00909996032715 -40.91270065307617
vt 15.990900039672852 -40.91270065307617
vt 16.00909996032715 -40.91270065307617
vt 15.990900039672852 -40.91740036010742
vt 16.00909996032715 -40.91740036010742
vt 15.990900039672852 -40.92210006713867
vt 16.00909996032715 -40.91740036010742
vt 15.990900039672852 -40.91740036010742
vt 16.00909996032715 -40.91740036010742
vt 15.990900039672852 -40.92210006713867
vt 16.00909996032715 -40.92210006713867
vt 16.00909996032715 -40.92300033569336
vt 15.990900039672852 -40.92689895629883
vt 16.00909996032715 -40.92689895629883
vt 15.990900039672852 -40.92689895629883
vt 16.00909996032715 -40.92300033569336
vt 15.990900039672852 -40.92300033569336
vt 16.00909996032715 -40.91910171508789
vt 15.990900039672852 -40.92300033569336
vt 16.00909996032715 -40.92300033569336
vt 15.990900039672852 -40.92300033569336
vt 16.00909996032715 -40.91910171508789
vt 15.990900039672852 -40.91910171508789
vt 16.012500762939453 -40.97480010986328
vt 15.987500190734863 -40.978599548339844
vt 16.012500762939453 -40.978599548339844
vt 15.987500190734863 -40.978599548339844
vt 16.012500762939453 -40.97480010986328
vt 15.987500190734863 -40.97480010986328
vt 15.99120044708252 -40.90520095825195
vt 15.995400428771973 -40.9098014831543
vt 15.993399620056152 -40.90520095825195
vt 15.995400428771973 -40.9098014831543
vt 15.99120044708252 -40.90520095825195
vt 15.99120044708252 -40.91859817504883
vt 15.99120044708252 -40.91859817504883
vt 16 -40.911800384521484
vt 15.995400428771973 -40.9098014831543
vt 16.008800506591797 -40.91859817504883
vt 16 -40.911800384521484
vt 15.99120044708252 -40.91859817504883
vt 16 -40.911800384521484
vt 16.008800506591797 -40.91859817504883
vt 16.004600524902344 -40.9098014831543
vt 16.008800506591797 -40.90520095825195
vt 16.004600524902344 -40.9098014831543
vt 16.008800506591797 -40.91859817504883
vt 16.004600524902344 -40.9098014831543
vt 16.008800506591797 -40.90520095825195
vt 16.00659942626953 -40.90520095825195
vt 15.999899864196777 -40.90530014038086
vt 16.002899169921875 -40.914398193359375
vt 16.000099182128906 -40.90530014038086
vt 16.002899169921875 -40.914398193359375
vt 15.999899864196777 -40.90530014038086
vt 15.997099876403809 -40.914398193359375
vt 16.013599395751953 -41.015899658203125
vt 16 -41.01689910888672
vt 16 -41.02149963378906
vt 16 -41.01689910888672
vt 15.98639965057373 -41.015899658203125
vt 16 -41.02149963378906
vt 16 -41.01689910888672
vt 16.013599395751953 -41.015899658203125
vt 16.010499954223633 -41.01259994506836
vt 15.98639965057373 -41.015899658203125
vt 16 -41.01689910888672
vt 15.989500045776367 -41.01259994506836
vt 15.980799674987793 -41.00210189819336
vt 15.98639965057373 -41.015899658203125
vt 15.989500045776367 -41.01259994506836
vt 15.989500045776367 -41.01259994506836
vt 15.985199928283691 -41.00210189819336
vt 15.980799674987793 -41.00210189819336
vt 16.01919937133789 -41.00210189819336
vt 16.010499954223633 -41.01259994506836
vt 16.013599395751953 -41.015899658203125
vt 16.010499954223633 -41.01259994506836
vt 16.01919937133789 -41.00210189819336
vt 16.014799118041992 -41.00210189819336
vt 16.01919937133789 -41.00210189819336
vt 16.010499954223633 -40.99169921875
vt 16.014799118041992 -41.00210189819336
vt 16.010499954223633 -40.99169921875
vt 16.01919937133789 -41.00210189819336
vt 16.013599395751953 -40.988399505615234
vt 16.013599395751953 -40.988399505615234
vt 16 -40.987300872802734
vt 16.010499954223633 -40.99169921875
vt 16.013599395751953 -40.988399505615234
vt 16 -40.98270034790039
vt 16 -40.987300872802734
vt 15.98639965057373 -40.988399505615234
vt 16 -40.987300872802734
vt 16 -40.98270034790039
vt 16 -40.987300872802734
vt 15.98639965057373 -40.988399505615234
vt 15.989500045776367 -40.99169921875
vt 15.980799674987793 -41.00210189819336
vt 15.989500045776367 -40.99169921875
vt 15.98639965057373 -40.988399505615234
vt 15.989500045776367 -40.99169921875
vt 15.980799674987793 -41.00210189819336
vt 15.985199928283691 -41.00210189819336
vt 15.921099662780762 -41.00559997558594
vt 15.921099662780762 -40.99440002441406
vt 15.916199684143066 -41.00559997558594
vt 15.916199684143066 -41.00559997558594
vt 15.921099662780762 -40.99440002441406
vt 15.916199684143066 -40.99440002441406
vt 15.921099662780762 -41
vt 15.921099662780762 -40.995399475097656
vt 15.916199684143066 -40.995399475097656
vt 15.916199684143066 -41
vt 15.921099662780762 -41
vt 15.916199684143066 -40.995399475097656
vt 15.921099662780762 -41.004600524902344
vt 15.921099662780762 -41
vt 15.916199684143066 -41
vt 15.916199684143066 -41.004600524902344
vt 15.921099662780762 -41.004600524902344
vt 15.916199684143066 -41
vt 16.23200035095215 -41.0088005065918
vt 16.227100372314453 -41.00659942626953
vt 16.227100372314453 -41.0088005065918
vt 16.227100372314453 -41.00659942626953
vt 16.23200035095215 -41.0088005065918
vt 16.23200035095215 -41.00659942626953
vt 16.23200035095215 -40.9911994934082
vt 16.227100372314453 -40.9911994934082
vt 16.23200035095215 -40.99340057373047
vt 16.227100372314453 -40.99340057373047
vt 16.23200035095215 -40.99340057373047
vt 16.227100372314453 -40.9911994934082
vt 16.22879981994629 -41.000099182128906
vt 16.230499267578125 -41.000099182128906
vt 16.230499267578125 -40.999900817871094
vt 16.22879981994629 -41.000099182128906
vt 16.230499267578125 -40.999900817871094
vt 16.22879981994629 -40.999900817871094
vt 16.23200035095215 -41
vt 16.23200035095215 -40.995399475097656
vt 16.227100372314453 -40.995399475097656
vt 16.227100372314453 -41
vt 16.23200035095215 -41
vt 16.227100372314453 -40.995399475097656
vt 16.23200035095215 -41.004600524902344
vt 16.23200035095215 -41
vt 16.227100372314453 -41
vt 16.227100372314453 -41.004600524902344
vt 16.23200035095215 -41.004600524902344
vt 16.227100372314453 -41
vt 16.341400146484375 -41.009700775146484
vt 16.395099639892578 -41.009700775146484
vt 16.341400146484375 -41
vt 16.395099639892578 -41
vt 16.341400146484375 -41
vt 16.395099639892578 -41.009700775146484
vt 16.341400146484375 -41
vt 16.395099639892578 -41
vt 16.341400146484375 -40.990299224853516
vt 16.395099639892578 -40.990299224853516
vt 16.341400146484375 -40.990299224853516
vt 16.395099639892578 -41
vt 16.240100860595703 -41.010398864746094
vt 16.324100494384766 -41.010398864746094
vt 16.240100860595703 -41
vt 16.324100494384766 -41
vt 16.240100860595703 -41
vt 16.324100494384766 -41.010398864746094
vt 16.240100860595703 -41
vt 16.324100494384766 -41
vt 16.240100860595703 -40.989601135253906
vt 16.324100494384766 -40.989601135253906
vt 16.240100860595703 -40.989601135253906
vt 16.324100494384766 -41
vt 15.916199684143066 -40.99440002441406
vt 15.921099662780762 -40.99129867553711
vt 15.916199684143066 -40.99129867553711
vt 15.921099662780762 -40.99440002441406
vt 15.921099662780762 -40.99129867553711
vt 15.916199684143066 -40.99440002441406
vt 15.916199684143066 -41.00870132446289
vt 15.921099662780762 -41.00870132446289
vt 15.921099662780762 -41.00559997558594
vt 15.916199684143066 -41.00870132446289
vt 15.921099662780762 -41.00559997558594
vt 15.916199684143066 -41.00559997558594
vt 15.657400131225586 -41.028499603271484
vt 15.657400131225586 -40.971500396728516
vt 15.624899864196777 -41.028499603271484
vt 15.624899864196777 -41.028499603271484
vt 15.657400131225586 -40.971500396728516
vt 15.624899864196777 -40.971500396728516
vt 16.395099639892578 -41
vt 16.324100494384766 -41.01359939575195
vt 16.395099639892578 -41.01359939575195
vt 16.324100494384766 -41.01359939575195
vt 16.395099639892578 -41
vt 16.324100494384766 -41
vt 16.395099639892578 -40.98640060424805
vt 16.324100494384766 -41
vt 16.395099639892578 -41
vt 16.324100494384766 -41
vt 16.395099639892578 -40.98640060424805
vt 16.324100494384766 -40.98640060424805
vt 15.918800354003906 -41.00910186767578
vt 15.91409969329834 -40.99089813232422
vt 15.91409969329834 -41.00910186767578
vt 15.91409969329834 -40.99089813232422
vt 15.918800354003906 -41.00910186767578
vt 15.918800354003906 -40.99089813232422
vt 15.918800354003906 -40.99089813232422
vt 15.923500061035156 -41.00910186767578
vt 15.923500061035156 -40.99089813232422
vt 15.923500061035156 -41.00910186767578
vt 15.918800354003906 -40.99089813232422
vt 15.918800354003906 -41.00910186767578
vt 16.233600616455078 -41.00910186767578
vt 16.229700088500977 -40.99089813232422
vt 16.229700088500977 -41.00910186767578
vt 16.229700088500977 -40.99089813232422
vt 16.233600616455078 -41.00910186767578
vt 16.233600616455078 -40.99089813232422
vt 16.229700088500977 -41.00910186767578
vt 16.225799560546875 -40.99089813232422
vt 16.225799560546875 -41.00910186767578
vt 16.225799560546875 -40.99089813232422
vt 16.229700088500977 -41.00910186767578
vt 16.229700088500977 -40.99089813232422
vt 15.751399993896484 -41.024200439453125
vt 15.870599746704102 -41.024200439453125
vt 15.870599746704102 -40.975799560546875
vt 15.751399993896484 -41.024200439453125
vt 15.870599746704102 -40.975799560546875
vt 15.751399993896484 -40.975799560546875
vt 16.10740089416504 -41.01250076293945
vt 15.937399864196777 -40.98749923706055
vt 15.937399864196777 -41.01250076293945
vt 15.937399864196777 -40.98749923706055
vt 16.10740089416504 -41.01250076293945
vt 16.10740089416504 -40.98749923706055
vt 16.078899383544922 -40.90850067138672
vt 16.083799362182617 -40.90850067138672
vt 16.083799362182617 -40.90380096435547
vt 16.078899383544922 -40.90850067138672
vt 16.083799362182617 -40.90380096435547
vt 16.078899383544922 -40.90380096435547
vt 16.078899383544922 -40.90380096435547
vt 16.083799362182617 -40.90380096435547
vt 16.083799362182617 -40.899200439453125
vt 16.078899383544922 -40.90380096435547
vt 16.083799362182617 -40.899200439453125
vt 16.078899383544922 -40.899200439453125
vt 15.767999649047852 -40.9098014831543
vt 15.772899627685547 -40.9098014831543
vt 15.772899627685547 -40.90520095825195
vt 15.767999649047852 -40.9098014831543
vt 15.772899627685547 -40.90520095825195
vt 15.767999649047852 -40.90520095825195
vt 16.362600326538086 -41.00019836425781
vt 16.34760093688965 -41.104801177978516
vt 16.380199432373047 -41.103599548339844
vt 16.380199432373047 -41.103599548339844
vt 16.395099639892578 -41.00019836425781
vt 16.362600326538086 -41.00019836425781
vt 15.604900360107422 -40.9922981262207
vt 15.658599853515625 -41.00210189819336
vt 15.658599853515625 -40.9922981262207
vt 15.658599853515625 -41.00210189819336
vt 15.604900360107422 -40.9922981262207
vt 15.604900360107422 -41.00210189819336
vt 15.604900360107422 -41.00210189819336
vt 15.658599853515625 -41.01190185546875
vt 15.658599853515625 -41.00210189819336
vt 15.658599853515625 -41.01190185546875
vt 15.604900360107422 -41.00210189819336
vt 15.604900360107422 -41.01190185546875
vt 15.759900093078613 -41.01259994506836
vt 15.67590045928955 -41.00210189819336
vt 15.67590045928955 -41.01259994506836
vt 15.67590045928955 -41.00210189819336
vt 15.759900093078613 -41.01259994506836
vt 15.759900093078613 -41.00210189819336
vt 15.67590045928955 -40.99169921875
vt 15.759900093078613 -41.00210189819336
vt 15.759900093078613 -40.99169921875
vt 15.759900093078613 -41.00210189819336
vt 15.67590045928955 -40.99169921875
vt 15.67590045928955 -41.00210189819336
vt 16.395099639892578 -41.00019836425781
vt 16.375099182128906 -40.950199127197266
vt 16.362600326538086 -41.00019836425781
vt 16.362600326538086 -41.00019836425781
vt 16.375099182128906 -40.950199127197266
vt 16.342599868774414 -40.950199127197266
vt 16.248600006103516 -40.97309875488281
vt 16.1294002532959 -40.97309875488281
vt 16.248600006103516 -40.999900817871094
vt 16.1294002532959 -40.999900817871094
vt 16.248600006103516 -40.999900817871094
vt 16.1294002532959 -40.97309875488281
vt 16.200899124145508 -41.013999938964844
vt 16.1294002532959 -40.999900817871094
vt 16.177099227905273 -41.013999938964844
vt 16.1294002532959 -40.999900817871094
vt 16.200899124145508 -41.013999938964844
vt 16.248600006103516 -40.999900817871094
vt 16.177099227905273 -41.03200149536133
vt 16.200899124145508 -41.03200149536133
vt 16.200899124145508 -41.013999938964844
vt 16.177099227905273 -41.03200149536133
vt 16.200899124145508 -41.013999938964844
vt 16.177099227905273 -41.013999938964844
vt 15.959199905395508 -41.06399917602539
vt 15.763999938964844 -41.0349006652832
vt 15.763099670410156 -41.0547981262207
vt 15.763999938964844 -41.0349006652832
vt 15.959199905395508 -41.06399917602539
vt 15.970499992370605 -41.044700622558594
vt 16.078899383544922 -40.89830017089844
vt 16.078899383544922 -40.91469955444336
vt 16.083799362182617 -40.91469955444336
vt 16.083799362182617 -40.91469955444336
vt 16.083799362182617 -40.89830017089844
vt 16.078899383544922 -40.89830017089844
vt 15.769499778747559 -40.90530014038086
vt 15.769499778747559 -40.914398193359375
vt 15.771200180053711 -40.914398193359375
vt 15.771200180053711 -40.914398193359375
vt 15.771200180053711 -40.90530014038086
vt 15.769499778747559 -40.90530014038086
vt 16.074600219726562 -40.91740036010742
vt 16.085899353027344 -40.91270065307617
vt 16.076499938964844 -40.91270065307617
vt 16.076499938964844 -40.91270065307617
vt 16.085899353027344 -40.91270065307617
vt 16.081199645996094 -40.91080093383789
vt 16.085899353027344 -40.91270065307617
vt 16.074600219726562 -40.91740036010742
vt 16.081199645996094 -40.92399978637695
vt 16.081199645996094 -40.92399978637695
vt 16.074600219726562 -40.91740036010742
vt 16.076499938964844 -40.92210006713867
vt 16.085899353027344 -40.91270065307617
vt 16.081199645996094 -40.92399978637695
vt 16.085899353027344 -40.92210006713867
vt 16.085899353027344 -40.91270065307617
vt 16.085899353027344 -40.92210006713867
vt 16.087799072265625 -40.91740036010742
vt 15.764800071716309 -40.92300033569336
vt 15.770299911499023 -40.92850112915039
vt 15.766400337219238 -40.91910171508789
vt 15.770299911499023 -40.92850112915039
vt 15.764800071716309 -40.92300033569336
vt 15.766400337219238 -40.92689895629883
vt 15.770299911499023 -40.92850112915039
vt 15.774200439453125 -40.91910171508789
vt 15.766400337219238 -40.91910171508789
vt 15.766400337219238 -40.91910171508789
vt 15.774200439453125 -40.91910171508789
vt 15.770299911499023 -40.91749954223633
vt 15.774200439453125 -40.91910171508789
vt 15.770299911499023 -40.92850112915039
vt 15.775799751281738 -40.92300033569336
vt 15.775799751281738 -40.92300033569336
vt 15.770299911499023 -40.92850112915039
vt 15.774200439453125 -40.92689895629883
vt 15.772899627685547 -40.91859817504883
vt 15.767999649047852 -40.90520095825195
vt 15.767999649047852 -40.91859817504883
vt 15.767999649047852 -40.90520095825195
vt 15.772899627685547 -40.91859817504883
vt 15.772899627685547 -40.90520095825195
vt 15.604900360107422 -41.015899658203125
vt 15.67590045928955 -41.015899658203125
vt 15.67590045928955 -41.00210189819336
vt 15.604900360107422 -41.015899658203125
vt 15.67590045928955 -41.00210189819336
vt 15.604900360107422 -41.00210189819336
vt 15.604900360107422 -41.00210189819336
vt 15.67590045928955 -40.988399505615234
vt 15.604900360107422 -40.988399505615234
vt 15.604900360107422 -41.00210189819336
vt 15.67590045928955 -41.00210189819336
vt 15.67590045928955 -40.988399505615234
vt 15.892600059509277 -40.978599548339844
vt 16.062599182128906 -40.978599548339844
vt 15.988100051879883 -40.97480010986328
vt 15.988100051879883 -40.97480010986328
vt 16.062599182128906 -40.978599548339844
vt 16.062599182128906 -40.97480010986328
vt 15.892600059509277 -40.978599548339844
vt 15.988100051879883 -40.97480010986328
vt 15.892600059509277 -40.97480010986328
vt 16 -40.98820114135742
vt 16.013599395751953 -40.988399505615234
vt 16 -40.98270034790039
vt 15.98639965057373 -40.988399505615234
vt 16 -40.98820114135742
vt 16 -40.98270034790039
vt 16.013599395751953 -40.988399505615234
vt 16 -40.98820114135742
vt 16.009700775146484 -40.9922981262207
vt 16.01919937133789 -41.00210189819336
vt 16.013599395751953 -40.988399505615234
vt 16.009700775146484 -40.9922981262207
vt 16.009700775146484 -40.9922981262207
vt 16.013700485229492 -41.00210189819336
vt 16.01919937133789 -41.00210189819336
vt 16 -40.98820114135742
vt 15.98639965057373 -40.988399505615234
vt 15.990300178527832 -40.9922981262207
vt 15.980799674987793 -41.00210189819336
vt 15.990300178527832 -40.9922981262207
vt 15.98639965057373 -40.988399505615234
vt 15.990300178527832 -40.9922981262207
vt 15.980799674987793 -41.00210189819336
vt 15.986300468444824 -41.00210189819336
vt 15.980799674987793 -41.00210189819336
vt 15.990300178527832 -41.01190185546875
vt 15.986300468444824 -41.00210189819336
vt 15.990300178527832 -41.01190185546875
vt 15.980799674987793 -41.00210189819336
vt 15.98639965057373 -41.015899658203125
vt 15.98639965057373 -41.015899658203125
vt 16 -41.01599884033203
vt 15.990300178527832 -41.01190185546875
vt 15.98639965057373 -41.015899658203125
vt 16 -41.02149963378906
vt 16 -41.01599884033203
vt 16.013599395751953 -41.015899658203125
vt 16 -41.01599884033203
vt 16 -41.02149963378906
vt 16 -41.01599884033203
vt 16.013599395751953 -41.015899658203125
vt 16.009700775146484 -41.01190185546875
vt 16.01919937133789 -41.00210189819336
vt 16.009700775146484 -41.01190185546875
vt 16.013599395751953 -41.015899658203125
vt 16.009700775146484 -41.01190185546875
vt 16.01919937133789 -41.00210189819336
vt 16.013700485229492 -41.00210189819336
vt 15.990300178527832 -41.01190185546875
vt 16.009700775146484 -41.01190185546875
vt 15.986300468444824 -41.00210189819336
vt 16.009700775146484 -41.01190185546875
vt 15.990300178527832 -41.01190185546875
vt 16 -41.01599884033203
vt 16.013700485229492 -41.00210189819336
vt 15.986300468444824 -41.00210189819336
vt 16.009700775146484 -41.01190185546875
vt 15.986300468444824 -41.00210189819336
vt 16.013700485229492 -41.00210189819336
vt 16.009700775146484 -40.9922981262207
vt 16.009700775146484 -40.9922981262207
vt 15.990300178527832 -40.9922981262207
vt 15.986300468444824 -41.00210189819336
vt 15.990300178527832 -40.9922981262207
vt 16.009700775146484 -40.9922981262207
vt 16 -40.98820114135742
vt 15.98900032043457 -41.059600830078125
vt 15.978099822998047 -41.0349006652832
vt 15.978099822998047 -41.0547981262207
vt 15.978099822998047 -41.0349006652832
vt 15.98900032043457 -41.059600830078125
vt 16.021900177001953 -41.0349006652832
vt 16.021900177001953 -41.0349006652832
vt 15.98900032043457 -41.059600830078125
vt 16.01099967956543 -41.059600830078125
vt 16.021900177001953 -41.0349006652832
vt 16.01099967956543 -41.059600830078125
vt 16.021900177001953 -41.0547981262207
vt 15.99120044708252 -40.91859817504883
vt 16.008800506591797 -40.91859817504883
vt 16 -40.911800384521484
vt 16 -40.911800384521484
vt 16.008800506591797 -40.91859817504883
vt 16.004600524902344 -40.9098014831543
vt 16.008800506591797 -40.90520095825195
vt 16.004600524902344 -40.9098014831543
vt 16.008800506591797 -40.91859817504883
vt 16.004600524902344 -40.9098014831543
vt 16.008800506591797 -40.90520095825195
vt 16.00659942626953 -40.90520095825195
vt 15.99120044708252 -40.91859817504883
vt 16 -40.911800384521484
vt 15.995400428771973 -40.9098014831543
vt 15.99120044708252 -40.90520095825195
vt 15.99120044708252 -40.91859817504883
vt 15.995400428771973 -40.9098014831543
vt 15.99120044708252 -40.90520095825195
vt 15.995400428771973 -40.9098014831543
vt 15.993399620056152 -40.90520095825195
vt 15.999899864196777 -40.90530014038086
vt 15.997099876403809 -40.914398193359375
vt 16.002899169921875 -40.914398193359375
vt 15.999899864196777 -40.90530014038086
vt 16.002899169921875 -40.914398193359375
vt 16.000099182128906 -40.90530014038086
vt 16.00909996032715 -40.91740036010742
vt 15.990900039672852 -40.92210006713867
vt 16.00909996032715 -40.92210006713867
vt 15.990900039672852 -40.92210006713867
vt 16.00909996032715 -40.91740036010742
vt 15.990900039672852 -40.91740036010742
vt 16.00909996032715 -40.91270065307617
vt 15.990900039672852 -40.91740036010742
vt 16.00909996032715 -40.91740036010742
vt 15.990900039672852 -40.91740036010742
vt 16.00909996032715 -40.91270065307617
vt 15.990900039672852 -40.91270065307617
vt 15.990900039672852 -40.92300033569336
vt 16.00909996032715 -40.91910171508789
vt 15.990900039672852 -40.91910171508789
vt 16.00909996032715 -40.91910171508789
vt 15.990900039672852 -40.92300033569336
vt 16.00909996032715 -40.92300033569336
vt 15.990900039672852 -40.92689895629883
vt 16.00909996032715 -40.92300033569336
vt 15.990900039672852 -40.92300033569336
vt 16.00909996032715 -40.92300033569336
vt 15.990900039672852 -40.92689895629883
vt 16.00909996032715 -40.92689895629883
vt 16.012500762939453 -40.978599548339844
vt 15.987500190734863 -40.97480010986328
vt 15.987500190734863 -40.978599548339844
vt 15.987500190734863 -40.97480010986328
vt 16.012500762939453 -40.978599548339844
vt 16.012500762939453 -40.97480010986328
vt 16 -40.910400390625
vt 16.008699417114258 -40.91469955444336
vt 16.004600524902344 -40.90850067138672
vt 16.008699417114258 -40.91469955444336
vt 16.00659942626953 -40.90380096435547
vt 16.004600524902344 -40.90850067138672
vt 16.008699417114258 -40.91469955444336
vt 16 -40.910400390625
vt 15.991299629211426 -40.91469955444336
vt 16.008699417114258 -40.91469955444336
vt 16.008699417114258 -40.89830017089844
vt 16.00659942626953 -40.90380096435547
vt 15.991299629211426 -40.91469955444336
vt 16 -40.910400390625
vt 15.995400428771973 -40.90850067138672
vt 16.008699417114258 -40.89830017089844
vt 16.004600524902344 -40.899200439453125
vt 16.00659942626953 -40.90380096435547
vt 15.993399620056152 -40.90380096435547
vt 15.991299629211426 -40.91469955444336
vt 15.995400428771973 -40.90850067138672
vt 16.005599975585938 -40.895198822021484
vt 16.004600524902344 -40.899200439453125
vt 16.008699417114258 -40.89830017089844
vt 15.991299629211426 -40.89830017089844
vt 15.991299629211426 -40.91469955444336
vt 15.993399620056152 -40.90380096435547
vt 16.004600524902344 -40.899200439453125
vt 16.005599975585938 -40.895198822021484
vt 16 -40.897300720214844
vt 15.995400428771973 -40.899200439453125
vt 15.991299629211426 -40.89830017089844
vt 15.993399620056152 -40.90380096435547
vt 16.005599975585938 -40.895198822021484
vt 15.994400024414062 -40.895198822021484
vt 16 -40.897300720214844
vt 15.991299629211426 -40.89830017089844
vt 15.995400428771973 -40.899200439453125
vt 15.994400024414062 -40.895198822021484
vt 15.995400428771973 -40.899200439453125
vt 16 -40.897300720214844
vt 15.994400024414062 -40.895198822021484
vt 15.961999893188477 -40.999900817871094
vt 16.038000106811523 -40.999900817871094
vt 15.975799560546875 -40.97309875488281
vt 15.975799560546875 -40.97309875488281
vt 16.038000106811523 -40.999900817871094
vt 16.024200439453125 -40.97309875488281
vt 15.96560001373291 -41.013999938964844
vt 16.029800415039062 -41.03200149536133
vt 16.034400939941406 -41.013999938964844
vt 16.029800415039062 -41.03200149536133
vt 15.96560001373291 -41.013999938964844
vt 15.970199584960938 -41.03200149536133
vt 15.956100463867188 -41.00019836425781
vt 15.969300270080566 -41.104801177978516
vt 16.03070068359375 -41.104801177978516
vt 15.956100463867188 -41.00019836425781
vt 16.03070068359375 -41.104801177978516
vt 16.043899536132812 -41.00019836425781
vt 15.956100463867188 -41.00019836425781
vt 16.043899536132812 -41.00019836425781
vt 16.028499603271484 -40.950199127197266
vt 15.971500396728516 -40.950199127197266
vt 15.956100463867188 -41.00019836425781
vt 16.028499603271484 -40.950199127197266
vt 16.380199432373047 -41.03070068359375
vt 16.380199432373047 -40.96929931640625
vt 16.34760093688965 -41.03070068359375
vt 16.34760093688965 -41.03070068359375
vt 16.380199432373047 -40.96929931640625
vt 16.34760093688965 -40.96929931640625
vt 16.200899124145508 -41.034400939941406
vt 16.248600006103516 -41.03799819946289
vt 16.200899124145508 -40.965599060058594
vt 16.248600006103516 -41.03799819946289
vt 16.248600006103516 -40.96200180053711
vt 16.200899124145508 -40.965599060058594
vt 15.956199645996094 -41.01100158691406
vt 15.762800216674805 -40.98899841308594
vt 15.762800216674805 -41.01100158691406
vt 15.763099670410156 -41.02190017700195
vt 15.956199645996094 -41.01100158691406
vt 15.762800216674805 -41.01100158691406
vt 15.956199645996094 -41.01100158691406
vt 15.763099670410156 -41.02190017700195
vt 15.959199905395508 -41.02190017700195
vt 15.762800216674805 -40.98899841308594
vt 15.956199645996094 -41.01100158691406
vt 15.956199645996094 -40.98899841308594
vt 15.762800216674805 -40.98899841308594
vt 15.956199645996094 -40.98899841308594
vt 15.763099670410156 -40.97809982299805
vt 15.959199905395508 -40.97809982299805
vt 15.763099670410156 -40.97809982299805
vt 15.956199645996094 -40.98899841308594
vt 16.200899124145508 -41.02980041503906
vt 16.200899124145508 -40.97019958496094
vt 16.177099227905273 -41.02980041503906
vt 16.177099227905273 -41.02980041503906
vt 16.200899124145508 -40.97019958496094
vt 16.177099227905273 -40.97019958496094
vt 16.078899383544922 -41.004600524902344
vt 16.083799362182617 -41.004600524902344
vt 16.083799362182617 -41
vt 16.078899383544922 -41.004600524902344
vt 16.083799362182617 -41
vt 16.078899383544922 -41
vt 16.078899383544922 -41
vt 16.083799362182617 -41
vt 16.083799362182617 -40.995399475097656
vt 16.078899383544922 -41
vt 16.083799362182617 -40.995399475097656
vt 16.078899383544922 -40.995399475097656
vt 15.604900360107422 -40.990299224853516
vt 15.658599853515625 -41
vt 15.658599853515625 -40.990299224853516
vt 15.658599853515625 -41
vt 15.604900360107422 -40.990299224853516
vt 15.604900360107422 -41
vt 15.604900360107422 -41
vt 15.658599853515625 -41.009700775146484
vt 15.658599853515625 -41
vt 15.658599853515625 -41.009700775146484
vt 15.604900360107422 -41
vt 15.604900360107422 -41.009700775146484
vt 15.759900093078613 -41
vt 15.67590045928955 -40.989601135253906
vt 15.67590045928955 -41
vt 15.67590045928955 -40.989601135253906
vt 15.759900093078613 -41
vt 15.759900093078613 -40.989601135253906
vt 15.67590045928955 -41
vt 15.759900093078613 -41.010398864746094
vt 15.759900093078613 -41
vt 15.759900093078613 -41.010398864746094
vt 15.67590045928955 -41
vt 15.67590045928955 -41.010398864746094
vt 15.604900360107422 -41
vt 15.67590045928955 -40.98640060424805
vt 15.604900360107422 -40.98640060424805
vt 15.604900360107422 -41
vt 15.67590045928955 -41
vt 15.67590045928955 -40.98640060424805
vt 15.604900360107422 -41.01359939575195
vt 15.67590045928955 -41
vt 15.604900360107422 -41
vt 15.604900360107422 -41.01359939575195
vt 15.67590045928955 -41.01359939575195
vt 15.67590045928955 -41
vt 16.081199645996094 -40.99089813232422
vt 16.085899353027344 -41.00910186767578
vt 16.085899353027344 -40.99089813232422
vt 16.085899353027344 -41.00910186767578
vt 16.081199645996094 -40.99089813232422
vt 16.081199645996094 -41.00910186767578
vt 16.076499938964844 -40.99089813232422
vt 16.081199645996094 -41.00910186767578
vt 16.081199645996094 -40.99089813232422
vt 16.081199645996094 -41.00910186767578
vt 16.076499938964844 -40.99089813232422
vt 16.076499938964844 -41.00910186767578
vt 15.770299911499023 -41.00910186767578
vt 15.766400337219238 -40.99089813232422
vt 15.766400337219238 -41.00910186767578
vt 15.766400337219238 -40.99089813232422
vt 15.770299911499023 -41.00910186767578
vt 15.770299911499023 -40.99089813232422
vt 15.774200439453125 -41.00910186767578
vt 15.770299911499023 -40.99089813232422
vt 15.770299911499023 -41.00910186767578
vt 15.770299911499023 -40.99089813232422
vt 15.774200439453125 -41.00910186767578
vt 15.774200439453125 -40.99089813232422
vt 16.177099227905273 -41.034400939941406
vt 16.1294002532959 -40.96200180053711
vt 16.1294002532959 -41.03799819946289
vt 16.1294002532959 -40.96200180053711
vt 16.177099227905273 -41.034400939941406
vt 16.177099227905273 -40.965599060058594
vt 15.771200180053711 -41.002899169921875
vt 15.771200180053711 -40.997100830078125
vt 15.769499778747559 -41.002899169921875
vt 15.769499778747559 -41.002899169921875
vt 15.771200180053711 -40.997100830078125
vt 15.769499778747559 -40.997100830078125
vt 15.916199684143066 -40.90380096435547
vt 15.921099662780762 -40.90850067138672
vt 15.921099662780762 -40.90380096435547
vt 15.921099662780762 -40.90850067138672
vt 15.916199684143066 -40.90380096435547
vt 15.916199684143066 -40.90850067138672
vt 15.916199684143066 -40.899200439453125
vt 15.921099662780762 -40.90380096435547
vt 15.921099662780762 -40.899200439453125
vt 15.921099662780762 -40.90380096435547
vt 15.916199684143066 -40.899200439453125
vt 15.916199684143066 -40.90380096435547
vt 16.227100372314453 -40.90520095825195
vt 16.23200035095215 -40.9098014831543
vt 16.23200035095215 -40.90520095825195
vt 16.23200035095215 -40.9098014831543
vt 16.227100372314453 -40.90520095825195
vt 16.227100372314453 -40.9098014831543
vt 15.619799613952637 -41.103599548339844
vt 15.637399673461914 -41.00019836425781
vt 15.604900360107422 -41.00019836425781
vt 15.637399673461914 -41.00019836425781
vt 15.619799613952637 -41.103599548339844
vt 15.652400016784668 -41.104801177978516
vt 16.341400146484375 -40.9922981262207
vt 16.395099639892578 -41.00210189819336
vt 16.395099639892578 -40.9922981262207
vt 16.395099639892578 -41.00210189819336
vt 16.341400146484375 -40.9922981262207
vt 16.341400146484375 -41.00210189819336
vt 16.395099639892578 -41.01190185546875
vt 16.341400146484375 -41.00210189819336
vt 16.341400146484375 -41.01190185546875
vt 16.341400146484375 -41.00210189819336
vt 16.395099639892578 -41.01190185546875
vt 16.395099639892578 -41.00210189819336
vt 16.324100494384766 -41.01259994506836
vt 16.240100860595703 -41.00210189819336
vt 16.240100860595703 -41.01259994506836
vt 16.240100860595703 -41.00210189819336
vt 16.324100494384766 -41.01259994506836
vt 16.324100494384766 -41.00210189819336
vt 16.324100494384766 -41.00210189819336
vt 16.240100860595703 -40.99169921875
vt 16.240100860595703 -41.00210189819336
vt 16.240100860595703 -40.99169921875
vt 16.324100494384766 -41.00210189819336
vt 16.324100494384766 -40.99169921875
vt 15.624899864196777 -40.950199127197266
vt 15.637399673461914 -41.00019836425781
vt 15.657400131225586 -40.950199127197266
vt 15.637399673461914 -41.00019836425781
vt 15.624899864196777 -40.950199127197266
vt 15.604900360107422 -41.00019836425781
vt 15.751399993896484 -40.97309875488281
vt 15.870599746704102 -40.999900817871094
vt 15.870599746704102 -40.97309875488281
vt 15.870599746704102 -40.999900817871094
vt 15.751399993896484 -40.97309875488281
vt 15.751399993896484 -40.999900817871094
vt 15.870599746704102 -40.999900817871094
vt 15.799099922180176 -41.013999938964844
vt 15.82289981842041 -41.013999938964844
vt 15.799099922180176 -41.013999938964844
vt 15.870599746704102 -40.999900817871094
vt 15.751399993896484 -40.999900817871094
vt 15.799099922180176 -41.03200149536133
vt 15.82289981842041 -41.013999938964844
vt 15.799099922180176 -41.013999938964844
vt 15.82289981842041 -41.013999938964844
vt 15.799099922180176 -41.03200149536133
vt 15.82289981842041 -41.03200149536133
vt 16.040800094604492 -41.06399917602539
vt 16.236000061035156 -41.0349006652832
vt 16.029499053955078 -41.044700622558594
vt 16.236000061035156 -41.0349006652832
vt 16.040800094604492 -41.06399917602539
vt 16.236900329589844 -41.0547981262207
vt 15.916199684143066 -40.89830017089844
vt 15.921099662780762 -40.91469955444336
vt 15.921099662780762 -40.89830017089844
vt 15.921099662780762 -40.91469955444336
vt 15.916199684143066 -40.89830017089844
vt 15.916199684143066 -40.91469955444336
vt 16.22879981994629 -40.90530014038086
vt 16.230499267578125 -40.914398193359375
vt 16.230499267578125 -40.90530014038086
vt 16.230499267578125 -40.914398193359375
vt 16.22879981994629 -40.90530014038086
vt 16.22879981994629 -40.914398193359375
vt 15.91409969329834 -40.91270065307617
vt 15.91409969329834 -40.92210006713867
vt 15.918800354003906 -40.92399978637695
vt 15.91409969329834 -40.92210006713867
vt 15.91409969329834 -40.91270065307617
vt 15.912199974060059 -40.91740036010742
vt 15.925399780273438 -40.91740036010742
vt 15.91409969329834 -40.91270065307617
vt 15.918800354003906 -40.92399978637695
vt 15.925399780273438 -40.91740036010742
vt 15.918800354003906 -40.92399978637695
vt 15.923500061035156 -40.92210006713867
vt 15.91409969329834 -40.91270065307617
vt 15.925399780273438 -40.91740036010742
vt 15.923500061035156 -40.91270065307617
vt 15.91409969329834 -40.91270065307617
vt 15.923500061035156 -40.91270065307617
vt 15.918800354003906 -40.91080093383789
vt 16.229700088500977 -40.92850112915039
vt 16.225799560546875 -40.91910171508789
vt 16.224199295043945 -40.92300033569336
vt 16.229700088500977 -40.92850112915039
vt 16.224199295043945 -40.92300033569336
vt 16.225799560546875 -40.92689895629883
vt 16.233600616455078 -40.91910171508789
vt 16.225799560546875 -40.91910171508789
vt 16.229700088500977 -40.92850112915039
vt 16.225799560546875 -40.91910171508789
vt 16.233600616455078 -40.91910171508789
vt 16.229700088500977 -40.91749954223633
vt 16.229700088500977 -40.92850112915039
vt 16.235200881958008 -40.92300033569336
vt 16.233600616455078 -40.91910171508789
vt 16.235200881958008 -40.92300033569336
vt 16.229700088500977 -40.92850112915039
vt 16.233600616455078 -40.92689895629883
vt 16.23200035095215 -40.91859817504883
vt 16.23200035095215 -40.90520095825195
vt 16.227100372314453 -40.90520095825195
vt 16.227100372314453 -40.90520095825195
vt 16.227100372314453 -40.91859817504883
vt 16.23200035095215 -40.91859817504883
vt 16.395099639892578 -41.00210189819336
vt 16.324100494384766 -41.015899658203125
vt 16.395099639892578 -41.015899658203125
vt 16.395099639892578 -41.00210189819336
vt 16.324100494384766 -41.00210189819336
vt 16.324100494384766 -41.015899658203125
vt 16.395099639892578 -40.988399505615234
vt 16.324100494384766 -41.00210189819336
vt 16.395099639892578 -41.00210189819336
vt 16.395099639892578 -40.988399505615234
vt 16.324100494384766 -40.988399505615234
vt 16.324100494384766 -41.00210189819336
vt 15.937399864196777 -40.978599548339844
vt 16.10740089416504 -40.978599548339844
vt 16.011899948120117 -40.97480010986328
vt 16.011899948120117 -40.97480010986328
vt 16.10740089416504 -40.978599548339844
vt 16.10740089416504 -40.97480010986328
vt 15.937399864196777 -40.978599548339844
vt 16.011899948120117 -40.97480010986328
vt 15.937399864196777 -40.97480010986328
vt 34.00699996948242 -15.009099960327148
vt 33.9900016784668 -15.021599769592285
vt 34.0099983215332 -15.021599769592285
vt 33.9900016784668 -15.021599769592285
vt 34.00699996948242 -15.009099960327148
vt 33.99300003051758 -15.009099960327148
vt 34.00699996948242 -15.009099960327148
vt 33.99580001831055 -14.999099731445312
vt 33.99300003051758 -15.009099960327148
vt 33.99580001831055 -14.999099731445312
vt 34.00699996948242 -15.009099960327148
vt 34.00419998168945 -14.999099731445312
vt 34.00419998168945 -14.986599922180176
vt 33.99580001831055 -14.999099731445312
vt 34.00419998168945 -14.999099731445312
vt 33.99580001831055 -14.999099731445312
vt 34.00419998168945 -14.986599922180176
vt 33.99580001831055 -14.986599922180176
vt 33.9922981262207 -15.004199981689453
vt 33.983699798583984 -14.995800018310547
vt 33.983699798583984 -15.004199981689453
vt 33.983699798583984 -14.995800018310547
vt 33.9922981262207 -15.004199981689453
vt 33.9922981262207 -14.995800018310547
vt 33.999298095703125 -15.004199981689453
vt 33.9922981262207 -14.995800018310547
vt 33.9922981262207 -15.004199981689453
vt 33.9922981262207 -14.995800018310547
vt 33.999298095703125 -15.004199981689453
vt 33.999298095703125 -14.995800018310547
vt 33.99509811401367 -15.006999969482422
vt 34.013099670410156 -15.006999969482422
vt 34.013099670410156 -14.993000030517578
vt 34.023799896240234 -15.010000228881836
vt 34.013099670410156 -14.993000030517578
vt 34.013099670410156 -15.006999969482422
vt 34.013099670410156 -14.993000030517578
vt 34.023799896240234 -15.010000228881836
vt 34.023799896240234 -14.989999771118164
vt 33.99509811401367 -15.006999969482422
vt 34.013099670410156 -14.993000030517578
vt 33.99509811401367 -14.993000030517578
vt 34.023799896240234 -15.021599769592285
vt 34.00490188598633 -15.009099960327148
vt 33.976200103759766 -15.021599769592285
vt 34.00490188598633 -15.009099960327148
vt 34.023799896240234 -15.021599769592285
vt 34.023799896240234 -15.009099960327148
vt 33.976200103759766 -15.021599769592285
vt 34.00490188598633 -15.009099960327148
vt 33.986900329589844 -15.009099960327148
vt 33.976200103759766 -15.021599769592285
vt 33.986900329589844 -15.009099960327148
vt 33.976200103759766 -15.013799667358398
vt 34.023799896240234 -15.009099960327148
vt 34.01240158081055 -14.999099731445312
vt 34.00490188598633 -15.009099960327148
vt 34.01240158081055 -14.999099731445312
vt 34.023799896240234 -15.009099960327148
vt 34.02130126953125 -14.999099731445312
vt 34.02130126953125 -14.999099731445312
vt 34.01240158081055 -14.991600036621094
vt 34.01240158081055 -14.999099731445312
vt 34.01240158081055 -14.991600036621094
vt 34.02130126953125 -14.999099731445312
vt 34.016300201416016 -14.986599922180176
vt 34.016300201416016 -14.986599922180176
vt 34.00619888305664 -14.98390007019043
vt 34.01240158081055 -14.991600036621094
vt 34.00619888305664 -14.98390007019043
vt 34.016300201416016 -14.986599922180176
vt 34.0077018737793 -14.979000091552734
vt 34.0077018737793 -14.979000091552734
vt 34.0005989074707 -14.980799674987793
vt 34.00619888305664 -14.98390007019043
vt 34.0005989074707 -14.980799674987793
vt 34.0077018737793 -14.979000091552734
vt 34.000701904296875 -14.978400230407715
vt 33.9900016784668 -15.021599769592285
vt 34.0099983215332 -15.021599769592285
vt 33.9900016784668 -15.013799667358398
vt 33.9900016784668 -15.013799667358398
vt 34.0099983215332 -15.021599769592285
vt 34.0099983215332 -15.013799667358398
vt 33.99580001831055 -14.980799674987793
vt 34.00419998168945 -14.980799674987793
vt 33.99580001831055 -14.978400230407715
vt 33.99580001831055 -14.978400230407715
vt 34.00419998168945 -14.980799674987793
vt 34.00419998168945 -14.978400230407715
vt 34.00699996948242 -15.009099960327148
vt 33.99580001831055 -14.999099731445312
vt 33.99300003051758 -15.009099960327148
vt 33.99580001831055 -14.999099731445312
vt 34.00699996948242 -15.009099960327148
vt 34.00419998168945 -14.999099731445312
vt 33.99580001831055 -14.999099731445312
vt 34.00419998168945 -14.999099731445312
vt 34.00419998168945 -14.991600036621094
vt 33.99580001831055 -14.991600036621094
vt 33.99580001831055 -14.999099731445312
vt 34.00419998168945 -14.991600036621094
vt 33.99580001831055 -14.991600036621094
vt 34.00419998168945 -14.991600036621094
vt 34.00419998168945 -14.98390007019043
vt 33.99580001831055 -14.98390007019043
vt 33.99580001831055 -14.991600036621094
vt 34.00419998168945 -14.98390007019043
vt 34.00619888305664 -15.004199981689453
vt 34.00619888305664 -14.995800018310547
vt 34.0005989074707 -14.995800018310547
vt 34.0005989074707 -15.004199981689453
vt 34.00619888305664 -15.004199981689453
vt 34.0005989074707 -14.995800018310547
vt 34.013099670410156 -15.009099960327148
vt 34.023799896240234 -15.021599769592285
vt 34.023799896240234 -15.013799667358398
vt 33.99509811401367 -15.009099960327148
vt 34.023799896240234 -15.021599769592285
vt 34.013099670410156 -15.009099960327148
vt 34.023799896240234 -15.021599769592285
vt 33.99509811401367 -15.009099960327148
vt 33.976200103759766 -15.021599769592285
vt 33.99509811401367 -15.009099960327148
vt 33.976200103759766 -15.009099960327148
vt 33.976200103759766 -15.021599769592285
vt 33.976200103759766 -15.009099960327148
vt 33.99509811401367 -15.009099960327148
vt 33.98759841918945 -14.999099731445312
vt 33.976200103759766 -15.009099960327148
vt 33.98759841918945 -14.999099731445312
vt 33.97869873046875 -14.999099731445312
vt 33.98759841918945 -14.991600036621094
vt 33.97869873046875 -14.999099731445312
vt 33.98759841918945 -14.999099731445312
vt 33.97869873046875 -14.999099731445312
vt 33.98759841918945 -14.991600036621094
vt 33.983699798583984 -14.986599922180176
vt 33.99380111694336 -14.98390007019043
vt 33.983699798583984 -14.986599922180176
vt 33.98759841918945 -14.991600036621094
vt 33.983699798583984 -14.986599922180176
vt 33.99380111694336 -14.98390007019043
vt 33.9922981262207 -14.979000091552734
vt 33.99380111694336 -14.98390007019043
vt 33.9994010925293 -14.980799674987793
vt 33.9922981262207 -14.979000091552734
vt 33.999298095703125 -14.978400230407715
vt 33.9922981262207 -14.979000091552734
vt 33.9994010925293 -14.980799674987793
vt 28.030500411987305 -57.08689880371094
vt 27.970300674438477 -57.09130096435547
vt 28.029699325561523 -57.09130096435547
vt 27.970300674438477 -57.09130096435547
vt 28.030500411987305 -57.08689880371094
vt 27.969499588012695 -57.08689880371094
vt 28.031299591064453 -57.08259963989258
vt 27.969499588012695 -57.08689880371094
vt 28.030500411987305 -57.08689880371094
vt 27.969499588012695 -57.08689880371094
vt 28.031299591064453 -57.08259963989258
vt 27.968700408935547 -57.08259963989258
vt 28.031200408935547 -56.959598541259766
vt 27.970300674438477 -56.955501556396484
vt 27.968799591064453 -56.959598541259766
vt 27.970300674438477 -56.955501556396484
vt 28.031200408935547 -56.959598541259766
vt 28.029699325561523 -56.955501556396484
vt 27.970300674438477 -56.955501556396484
vt 28.02829933166504 -56.95130157470703
vt 27.97170066833496 -56.95130157470703
vt 28.02829933166504 -56.95130157470703
vt 27.970300674438477 -56.955501556396484
vt 28.029699325561523 -56.955501556396484
vt 27.990299224853516 -56.91270065307617
vt 28.009700775146484 -56.908599853515625
vt 27.990299224853516 -56.908599853515625
vt 28.009700775146484 -56.908599853515625
vt 27.990299224853516 -56.91270065307617
vt 28.009700775146484 -56.91270065307617
vt 27.990299224853516 -56.91680145263672
vt 28.009700775146484 -56.91270065307617
vt 27.990299224853516 -56.91270065307617
vt 28.009700775146484 -56.91270065307617
vt 27.990299224853516 -56.91680145263672
vt 28.009700775146484 -56.91680145263672
vt 28.02790069580078 -57.031898498535156
vt 27.97330093383789 -57.03620147705078
vt 28.02669906616211 -57.03620147705078
vt 27.97330093383789 -57.03620147705078
vt 28.02790069580078 -57.031898498535156
vt 27.97209930419922 -57.031898498535156
vt 27.97209930419922 -57.031898498535156
vt 28.02899932861328 -57.0275993347168
vt 27.97100067138672 -57.0275993347168
vt 28.02899932861328 -57.0275993347168
vt 27.97209930419922 -57.031898498535156
vt 28.02790069580078 -57.031898498535156
vt 28.009700775146484 -56.91830062866211
vt 27.990299224853516 -56.92169952392578
vt 28.009700775146484 -56.92169952392578
vt 27.990299224853516 -56.92169952392578
vt 28.009700775146484 -56.91830062866211
vt 27.990299224853516 -56.91830062866211
vt 28.009700775146484 -56.91490173339844
vt 27.990299224853516 -56.91830062866211
vt 28.009700775146484 -56.91830062866211
vt 27.990299224853516 -56.91830062866211
vt 28.009700775146484 -56.91490173339844
vt 27.990299224853516 -56.91490173339844
vt 27.75909996032715 -57.0276985168457
vt 27.754600524902344 -56.97169876098633
vt 27.754600524902344 -57.02830123901367
vt 27.754600524902344 -56.97169876098633
vt 27.75909996032715 -57.0276985168457
vt 27.75909996032715 -56.9723014831543
vt 28.058500289916992 -57.02899932861328
vt 28.054100036621094 -56.97050094604492
vt 28.054100036621094 -57.02949905395508
vt 28.054100036621094 -56.97050094604492
vt 28.058500289916992 -57.02899932861328
vt 28.058500289916992 -56.97100067138672
vt 27.71660041809082 -57.03160095214844
vt 27.712099075317383 -56.96870040893555
vt 27.712099075317383 -57.03129959106445
vt 27.712099075317383 -56.96870040893555
vt 27.71660041809082 -57.03160095214844
vt 27.71660041809082 -56.96839904785156
vt 27.763500213623047 -57.02830123901367
vt 27.75909996032715 -56.9723014831543
vt 27.75909996032715 -57.0276985168457
vt 27.75909996032715 -56.9723014831543
vt 27.763500213623047 -57.02830123901367
vt 27.763500213623047 -56.97169876098633
vt 27.974000930786133 -57.009700775146484
vt 27.969900131225586 -56.990299224853516
vt 27.969900131225586 -57.009700775146484
vt 27.969900131225586 -56.990299224853516
vt 27.974000930786133 -57.009700775146484
vt 27.974000930786133 -56.990299224853516
vt 27.974000930786133 -56.990299224853516
vt 27.978099822998047 -57.009700775146484
vt 27.978099822998047 -56.990299224853516
vt 27.978099822998047 -57.009700775146484
vt 27.974000930786133 -56.990299224853516
vt 27.974000930786133 -57.009700775146484
vt 28.04960060119629 -57.02899932861328
vt 28.054100036621094 -56.97050094604492
vt 28.04960060119629 -56.97100067138672
vt 28.054100036621094 -56.97050094604492
vt 28.04960060119629 -57.02899932861328
vt 28.054100036621094 -57.02949905395508
vt 27.72100067138672 -57.03129959106445
vt 27.71660041809082 -56.96839904785156
vt 27.71660041809082 -57.03160095214844
vt 27.71660041809082 -56.96839904785156
vt 27.72100067138672 -57.03129959106445
vt 27.72100067138672 -56.96870040893555
vt 28.288299560546875 -57.009700775146484
vt 28.284900665283203 -56.990299224853516
vt 28.284900665283203 -57.009700775146484
vt 28.284900665283203 -56.990299224853516
vt 28.288299560546875 -57.009700775146484
vt 28.288299560546875 -56.990299224853516
vt 28.284900665283203 -57.009700775146484
vt 28.2814998626709 -56.990299224853516
vt 28.2814998626709 -57.009700775146484
vt 28.2814998626709 -56.990299224853516
vt 28.284900665283203 -57.009700775146484
vt 28.284900665283203 -56.990299224853516
vt 28.27899932861328 -57.09130096435547
vt 28.27899932861328 -57.08259963989258
vt 28.27720069885254 -57.08689880371094
vt 28.27899932861328 -57.09130096435547
vt 28.28339958190918 -57.0806999206543
vt 28.27899932861328 -57.08259963989258
vt 28.28339958190918 -57.093101501464844
vt 28.28339958190918 -57.0806999206543
vt 28.27899932861328 -57.09130096435547
vt 28.28339958190918 -57.0806999206543
vt 28.28339958190918 -57.093101501464844
vt 28.287900924682617 -57.09130096435547
vt 28.287900924682617 -57.09130096435547
vt 28.287900924682617 -57.08259963989258
vt 28.28339958190918 -57.0806999206543
vt 28.287900924682617 -57.08259963989258
vt 28.287900924682617 -57.09130096435547
vt 28.28969955444336 -57.08689880371094
vt 28.236499786376953 -56.959598541259766
vt 28.236499786376953 -56.95130157470703
vt 28.234699249267578 -56.955501556396484
vt 28.236499786376953 -56.95130157470703
vt 28.236499786376953 -56.959598541259766
vt 28.24090003967285 -56.94960021972656
vt 28.24090003967285 -56.96139907836914
vt 28.24090003967285 -56.94960021972656
vt 28.236499786376953 -56.959598541259766
vt 28.24090003967285 -56.94960021972656
vt 28.24090003967285 -56.96139907836914
vt 28.245399475097656 -56.959598541259766
vt 28.245399475097656 -56.959598541259766
vt 28.245399475097656 -56.95130157470703
vt 28.24090003967285 -56.94960021972656
vt 28.245399475097656 -56.95130157470703
vt 28.245399475097656 -56.959598541259766
vt 28.24720001220703 -56.955501556396484
vt 27.941499710083008 -57.03620147705078
vt 27.941499710083008 -57.0275993347168
vt 27.939699172973633 -57.031898498535156
vt 27.945899963378906 -57.03799819946289
vt 27.941499710083008 -57.0275993347168
vt 27.941499710083008 -57.03620147705078
vt 27.941499710083008 -57.0275993347168
vt 27.945899963378906 -57.03799819946289
vt 27.945899963378906 -57.025901794433594
vt 27.945899963378906 -57.03799819946289
vt 27.95039939880371 -57.0275993347168
vt 27.945899963378906 -57.025901794433594
vt 27.95039939880371 -57.0275993347168
vt 27.945899963378906 -57.03799819946289
vt 27.95039939880371 -57.03620147705078
vt 27.95039939880371 -57.0275993347168
vt 27.95039939880371 -57.03620147705078
vt 27.952199935913086 -57.031898498535156
vt 27.97330093383789 -57.03620147705078
vt 28.02790069580078 -57.031898498535156
vt 27.97209930419922 -57.031898498535156
vt 28.02790069580078 -57.031898498535156
vt 27.97330093383789 -57.03620147705078
vt 28.02669906616211 -57.03620147705078
vt 27.97209930419922 -57.031898498535156
vt 28.02899932861328 -57.0275993347168
vt 27.97100067138672 -57.0275993347168
vt 28.02899932861328 -57.0275993347168
vt 27.97209930419922 -57.031898498535156
vt 28.02790069580078 -57.031898498535156
vt 27.970300674438477 -57.09130096435547
vt 28.030500411987305 -57.08689880371094
vt 27.969499588012695 -57.08689880371094
vt 28.030500411987305 -57.08689880371094
vt 27.970300674438477 -57.09130096435547
vt 28.029699325561523 -57.09130096435547
vt 28.009700775146484 -56.91270065307617
vt 27.990299224853516 -56.91680145263672
vt 28.009700775146484 -56.91680145263672
vt 27.990299224853516 -56.91680145263672
vt 28.009700775146484 -56.91270065307617
vt 27.990299224853516 -56.91270065307617
vt 28.009700775146484 -56.908599853515625
vt 27.990299224853516 -56.91270065307617
vt 28.009700775146484 -56.91270065307617
vt 27.990299224853516 -56.91270065307617
vt 28.009700775146484 -56.908599853515625
vt 27.990299224853516 -56.908599853515625
vt 28.031200408935547 -56.959598541259766
vt 27.970300674438477 -56.955501556396484
vt 27.968799591064453 -56.959598541259766
vt 27.970300674438477 -56.955501556396484
vt 28.031200408935547 -56.959598541259766
vt 28.029699325561523 -56.955501556396484
vt 27.970300674438477 -56.955501556396484
vt 28.02829933166504 -56.95130157470703
vt 27.97170066833496 -56.95130157470703
vt 27.970300674438477 -56.955501556396484
vt 28.029699325561523 -56.955501556396484
vt 28.02829933166504 -56.95130157470703
vt 27.969499588012695 -57.08689880371094
vt 28.031299591064453 -57.08259963989258
vt 27.968700408935547 -57.08259963989258
vt 28.031299591064453 -57.08259963989258
vt 27.969499588012695 -57.08689880371094
vt 28.030500411987305 -57.08689880371094
vt 27.990299224853516 -56.91830062866211
vt 28.009700775146484 -56.91490173339844
vt 27.990299224853516 -56.91490173339844
vt 28.009700775146484 -56.91490173339844
vt 27.990299224853516 -56.91830062866211
vt 28.009700775146484 -56.91830062866211
vt 27.990299224853516 -56.92169952392578
vt 28.009700775146484 -56.91830062866211
vt 27.990299224853516 -56.91830062866211
vt 28.009700775146484 -56.91830062866211
vt 27.990299224853516 -56.92169952392578
vt 28.009700775146484 -56.92169952392578
vt 28.24090003967285 -56.968299865722656
vt 28.245399475097656 -57.03120040893555
vt 28.245399475097656 -56.96879959106445
vt 28.245399475097656 -57.03120040893555
vt 28.24090003967285 -56.968299865722656
vt 28.24090003967285 -57.031700134277344
vt 27.945899963378906 -57.02629852294922
vt 27.941499710083008 -56.97330093383789
vt 27.941499710083008 -57.02669906616211
vt 27.941499710083008 -56.97330093383789
vt 27.945899963378906 -57.02629852294922
vt 27.945899963378906 -56.97370147705078
vt 28.287900924682617 -57.029701232910156
vt 28.28339958190918 -56.97060012817383
vt 28.28339958190918 -57.02939987182617
vt 28.28339958190918 -56.97060012817383
vt 28.287900924682617 -57.029701232910156
vt 28.287900924682617 -56.970298767089844
vt 28.28339958190918 -56.97060012817383
vt 28.27899932861328 -57.029701232910156
vt 28.28339958190918 -57.02939987182617
vt 28.27899932861328 -57.029701232910156
vt 28.28339958190918 -56.97060012817383
vt 28.27899932861328 -56.970298767089844
vt 27.95039939880371 -57.02669906616211
vt 27.945899963378906 -56.97370147705078
vt 27.945899963378906 -57.02629852294922
vt 27.945899963378906 -56.97370147705078
vt 27.95039939880371 -57.02669906616211
vt 27.95039939880371 -56.97330093383789
vt 28.025999069213867 -56.990299224853516
vt 28.030099868774414 -57.009700775146484
vt 28.030099868774414 -56.990299224853516
vt 28.030099868774414 -57.009700775146484
vt 28.025999069213867 -56.990299224853516
vt 28.025999069213867 -57.009700775146484
vt 28.021900177001953 -56.990299224853516
vt 28.025999069213867 -57.009700775146484
vt 28.025999069213867 -56.990299224853516
vt 28.025999069213867 -57.009700775146484
vt 28.021900177001953 -56.990299224853516
vt 28.021900177001953 -57.009700775146484
vt 28.24090003967285 -57.031700134277344
vt 28.236499786376953 -56.96879959106445
vt 28.236499786376953 -57.03120040893555
vt 28.236499786376953 -56.96879959106445
vt 28.24090003967285 -57.031700134277344
vt 28.24090003967285 -56.968299865722656
vt 27.715099334716797 -57.009700775146484
vt 27.711700439453125 -56.990299224853516
vt 27.711700439453125 -57.009700775146484
vt 27.711700439453125 -56.990299224853516
vt 27.715099334716797 -57.009700775146484
vt 27.715099334716797 -56.990299224853516
vt 27.7185001373291 -57.009700775146484
vt 27.715099334716797 -56.990299224853516
vt 27.715099334716797 -57.009700775146484
vt 27.715099334716797 -56.990299224853516
vt 27.7185001373291 -57.009700775146484
vt 27.7185001373291 -56.990299224853516
vt 27.712099075317383 -57.09130096435547
vt 27.71660041809082 -57.0806999206543
vt 27.712099075317383 -57.08259963989258
vt 27.712099075317383 -57.09130096435547
vt 27.712099075317383 -57.08259963989258
vt 27.71030044555664 -57.08689880371094
vt 27.71660041809082 -57.0806999206543
vt 27.712099075317383 -57.09130096435547
vt 27.71660041809082 -57.093101501464844
vt 27.72100067138672 -57.09130096435547
vt 27.71660041809082 -57.0806999206543
vt 27.71660041809082 -57.093101501464844
vt 27.71660041809082 -57.0806999206543
vt 27.72100067138672 -57.09130096435547
vt 27.72100067138672 -57.08259963989258
vt 27.72100067138672 -57.08259963989258
vt 27.72100067138672 -57.09130096435547
vt 27.72279930114746 -57.08689880371094
vt 27.754600524902344 -56.959598541259766
vt 27.75909996032715 -56.94960021972656
vt 27.754600524902344 -56.95130157470703
vt 27.754600524902344 -56.959598541259766
vt 27.754600524902344 -56.95130157470703
vt 27.75279998779297 -56.955501556396484
vt 27.75909996032715 -56.94960021972656
vt 27.754600524902344 -56.959598541259766
vt 27.75909996032715 -56.96139907836914
vt 27.763500213623047 -56.959598541259766
vt 27.75909996032715 -56.94960021972656
vt 27.75909996032715 -56.96139907836914
vt 27.75909996032715 -56.94960021972656
vt 27.763500213623047 -56.959598541259766
vt 27.763500213623047 -56.95130157470703
vt 27.763500213623047 -56.95130157470703
vt 27.763500213623047 -56.959598541259766
vt 27.765300750732422 -56.955501556396484
vt 28.04960060119629 -57.0275993347168
vt 28.04960060119629 -57.03620147705078
vt 28.054100036621094 -57.03799819946289
vt 28.04960060119629 -57.03620147705078
vt 28.04960060119629 -57.0275993347168
vt 28.047800064086914 -57.031898498535156
vt 28.04960060119629 -57.0275993347168
vt 28.054100036621094 -57.03799819946289
vt 28.054100036621094 -57.025901794433594
vt 28.054100036621094 -57.025901794433594
vt 28.054100036621094 -57.03799819946289
vt 28.058500289916992 -57.0275993347168
vt 28.058500289916992 -57.0275993347168
vt 28.054100036621094 -57.03799819946289
vt 28.058500289916992 -57.03620147705078
vt 28.058500289916992 -57.0275993347168
vt 28.058500289916992 -57.03620147705078
vt 28.060300827026367 -57.031898498535156
vn 0.6936820394822018 -0.7202813534305974 0
vn 0.986092284836539 -0.1661986936947877 0
vn 0.6936820394822018 -0.7202813534305974 0
vn 0.986023881196743 -0.16660403869567916 0
vn 0.986092284836539 -0.1661986936947877 0
vn 0.6936820394822018 -0.7202813534305974 0
vn 0.4327960864786203 0.9014918455143068 0
vn 0.947920537708916 0.3185069138804361 0
vn 0.4327960864786203 0.9014918455143068 0
vn 0.947920537708916 0.3185069138804361 0
vn 0.4327960864786203 0.9014918455143068 0
vn 0.947920537708916 0.3185069138804361 0
vn 0.947920537708916 0.3185069138804361 0
vn 1 0 0
vn 0.947920537708916 0.3185069138804361 0
vn 1 0 0
vn 0.947920537708916 0.3185069138804361 0
vn 1 0 0
vn 0.947920537708916 0.3185069138804361 0
vn 0.4327960864786203 0.9014918455143068 0
vn 0.4327960864786203 0.9014918455143068 0
vn 0.4327960864786203 0.9014918455143068 0
vn 0.947920537708916 0.3185069138804361 0
vn 0.947920537708916 0.3185069138804361 0
vn 0.947920537708916 0.3185069138804361 0
vn 1 0 0
vn 0.947920537708916 0.3185069138804361 0
vn 1 0 0
vn 0.947920537708916 0.3185069138804361 0
vn 1 0 0
vn 0.6353917408435916 0.7721899543946492 -0.00009999869807331848
vn 0.9424277436633063 0.33440985029405074 0
vn 0.6353917440204677 0.7721899582554986 0
vn 0.9424277436633063 0.33440985029405074 0
vn 0.6353917408435916 0.7721899543946492 -0.00009999869807331848
vn 0.9423962186607686 0.3344986801975227 0
vn 0.8812821646925311 0.4725904635039165 0
vn 1 0 0
vn 0.8812821646925311 0.4725904635039165 0
vn 1 0 0
vn 0.8812821646925311 0.4725904635039165 0
vn 1 0 0
vn 0.9736631517096588 0.22799137484302792 0
vn 0.9737075317033916 0.22780176185466275 0
vn 0.9737075317033916 0.22780176185466275 0
vn 0.9736631517096588 0.22799137484302792 0
vn 0.9737075317033916 0.22780176185466275 0
vn 0.9736631517096588 0.22799137484302792 0
vn 0.9736631517096588 0.22799137484302792 0
vn 0.9736631517096588 0.22799137484302792 0
vn 0.9736135309988895 0.22820318195825975 0
vn 0.9736135309988895 0.22820318195825975 0
vn 0.9736135309988895 0.22820318195825975 0
vn 0.9736631517096588 0.22799137484302792 0
vn 0.9736135309988895 0.22820318195825975 0
vn 0.9736135309988895 0.22820318195825975 0
vn 0.9736135309988895 0.22820318195825975 0
vn 0.9736135309988895 0.22820318195825975 0
vn 0.9736135309988895 0.22820318195825975 0
vn 0.9736135309988895 0.22820318195825975 0
vn 0.9553107697078487 -0.2956033377352113 0
vn 0.47148589067525026 -0.88187360482904 0
vn 0.47148589067525026 -0.88187360482904 0
vn 0.47148589067525026 -0.88187360482904 0
vn 0.9553107697078487 -0.2956033377352113 0
vn 0.9553107697078487 -0.2956033377352113 0
vn 0.9553107697078487 -0.2956033377352113 0
vn 0.9553107697078487 -0.2956033377352113 0
vn 1 0 0
vn 1 0 0
vn 0.9553107697078487 -0.2956033377352113 0
vn 1 0 0
vn -0.5182995007944331 0.8551991741554956 0
vn 0.4327960864786203 0.9014918455143068 0
vn -0.5182995007944331 0.8551991741554956 0
vn 0.4327960864786203 0.9014918455143068 0
vn -0.5182995007944331 0.8551991741554956 0
vn 0.4327960864786203 0.9014918455143068 0
vn -0.5182995007944331 0.8551991741554956 0
vn 0.4327960864786203 0.9014918455143068 0
vn -0.5182995007944331 0.8551991741554956 0
vn 0.4327960864786203 0.9014918455143068 0
vn -0.5182995007944331 0.8551991741554956 0
vn 0.4327960864786203 0.9014918455143068 0
vn 0 1 0
vn 0 1 0
vn 0 1 0
vn 0 1 0
vn 0 1 0
vn 0 1 0
vn 0 1 0
vn 0 1 0
vn 0 1 0
vn 0 1 0
vn 0 1 0
vn 0 1 0
vn 0 1 0
vn 0 1 0
vn 0 1 0
vn 0 1 0
vn 0 1 0
vn 0 1 0
vn 0 1 0
vn 0 1 0
vn 0 1 0
vn 0 1 0
vn 0 1 0
vn 0 1 0
vn 0 1 0
vn 0 1 0
vn 0 1 0
vn 0 1 0
vn 0 1 0
vn 0 1 0
vn 0 1 0
vn 0 1 0
vn 0 1 0
vn 0 1 0
vn 0 1 0
vn 0 1 0
vn 0 1 0
vn 0 1 0
vn -0.3831024441134073 0.9237058608206042 0
vn -0.3835144857758411 0.9235348608472189 0
vn 0 1 0
vn -0.3831024441134073 0.9237058608206042 0
vn -0.3835144857758411 0.9235348608472189 0
vn -0.3831024441134073 0.9237058608206042 0
vn -0.3593945043430741 0.9331857211980883 0
vn -0.3593945043430741 0.9331857211980883 0
vn -0.3593945043430741 0.9331857211980883 0
vn -0.3835144857758411 0.9235348608472189 0
vn -0.3593945043430741 0.9331857211980883 0
vn -0.3593945043430741 0.9331857211980883 0
vn 0 1 0
vn 0 1 0
vn -0.3593945043430741 0.9331857211980883 0
vn 0 1 0
vn 0 1 0
vn 0 1 0
vn 0.6355004478800326 0.772100499121894 0
vn 0.6355004478800326 0.772100499121894 0
vn 0 1 0
vn 0.6355004478800326 0.772100499121894 0
vn 0.2786941668629363 0.9603799047025994 0
vn -0.016599372820749202 0.9998622209194413 0
vn -0.016599372820749202 0.9998622209194413 0
vn 0.2786941668629363 0.9603799047025994 0
vn -0.016599372820749202 0.9998622209194413 0
vn 0.2786941668629363 0.9603799047025994 0
vn 0.2786941668629363 0.9603799047025994 0
vn 0.2786941668629363 0.9603799047025994 0
vn 0.8812821470676016 0.47259045405248995 0.0001999959496811088
vn 0.8812821470676016 0.47259045405248995 0.0001999959496811088
vn 0.2786941668629363 0.9603799047025994 0
vn 0.8812821646925311 0.4725904635039165 0
vn 0 1 0
vn 0 1 0
vn 0 1 0
vn 0 1 0
vn 0 1 0
vn 0 1 0
vn 0 1 0
vn 0 1 0
vn 0 1 0
vn 0 1 0
vn 0 1 0
vn 0 1 0
vn 0 1 0
vn 0 1 0
vn 0 1 0
vn 0 1 0
vn 0 1 0
vn 0 1 0
vn 0 1 0
vn 0 1 0
vn 0 1 0
vn 0 1 0
vn 0 1 0
vn 0 1 0
vn 0 1 0
vn 0 1 0
vn 0 1 0
vn 0 1 0
vn 0 1 0
vn 0 1 0
vn 0 1 0
vn 0 1 0
vn 0 1 0
vn 0 1 0
vn 0 1 0
vn 0 1 0
vn 0.016399494037499844 -0.26839173162130014 0.963170252339966
vn -0.008200124435483406 -0.2591039207158073 0.9658146386491248
vn 0.016399494037499844 -0.26839173162130014 0.963170252339966
vn -0.008200124435483406 -0.2591039207158073 0.9658146386491248
vn 0.016399494037499844 -0.26839173162130014 0.963170252339966
vn -0.008200124435483406 -0.2591039207158073 0.9658146386491248
vn 0.016399494037499844 -0.26839173162130014 0.963170252339966
vn -0.008199880892529125 -0.2829958803219274 0.9590860720885094
vn 0.016399494037499844 -0.26839173162130014 0.963170252339966
vn -0.0163996807881684 -0.2829944826317385 0.9589813206053812
vn 0.016399494037499844 -0.26839173162130014 0.963170252339966
vn -0.008199880892529125 -0.2829958803219274 0.9590860720885094
vn -0.057500235591017676 -0.2366009617997203 0.9699039683300738
vn -0.0163996807881684 -0.2829944826317385 0.9589813206053812
vn -0.008199880892529125 -0.2829958803219274 0.9590860720885094
vn -0.0163996807881684 -0.2829944826317385 0.9589813206053812
vn -0.057500235591017676 -0.2366009617997203 0.9699039683300738
vn -0.057398610514835816 -0.2439940989811309 0.9680765874523318
vn -0.057500235591017676 -0.2366009617997203 0.9699039683300738
vn -0.040898757712350436 -0.1807945166904413 0.9826701554195365
vn -0.057398610514835816 -0.2439940989811309 0.9680765874523318
vn -0.040898757712350436 -0.1807945166904413 0.9826701554195365
vn -0.057500235591017676 -0.2366009617997203 0.9699039683300738
vn -0.03280130235066456 -0.17320687254901673 0.9843390949596024
vn -0.040898757712350436 -0.1807945166904413 0.9826701554195365
vn -0.03280130235066456 -0.17320687254901673 0.9843390949596024
vn -0.0164000475561567 -0.15800046465953474 0.9873028368274482
vn -0.008300034551846696 -0.15800066747360425 0.9874041211704222
vn -0.0164000475561567 -0.15800046465953474 0.9873028368274482
vn -0.03280130235066456 -0.17320687254901673 0.9843390949596024
vn 0.024500130678969306 -0.16550088719733655 0.9859052692493372
vn -0.0164000475561567 -0.15800046465953474 0.9873028368274482
vn -0.008300034551846696 -0.15800066747360425 0.9874041211704222
vn -0.0164000475561567 -0.15800046465953474 0.9873028368274482
vn 0.024500130678969306 -0.16550088719733655 0.9859052692493372
vn 0.032801532846996134 -0.1656077400075197 0.98564605000603
vn 0.024500130678969306 -0.16550088719733655 0.9859052692493372
vn 0.04090161978121024 -0.18840746420523283 0.9812388521308292
vn 0.032801532846996134 -0.1656077400075197 0.98564605000603
vn 0.04090161978121024 -0.18840746420523283 0.9812388521308292
vn 0.024500130678969306 -0.16550088719733655 0.9859052692493372
vn -0.02459984871140261 -0.1808988860215514 0.983193999411885
vn 0.04090161978121024 -0.18840746420523283 0.9812388521308292
vn -0.02459984871140261 -0.1808988860215514 0.983193999411885
vn -0.04109994414110603 -0.2049997240861372 0.9778987205821498
vn -0.02459984871140261 -0.1808988860215514 0.983193999411885
vn -0.15579915896044824 -0.1495991917789198 0.9763947479817325
vn -0.04109994414110603 -0.2049997240861372 0.9778987205821498
vn -0.15579915896044824 -0.1495991917789198 0.9763947479817325
vn -0.02459984871140261 -0.1808988860215514 0.983193999411885
vn -0.18780356786908176 -0.14110268115125948 0.9720184428639043
vn -0.18780356786908176 -0.14110268115125948 0.9720184428639043
vn -0.12289658308763733 -0.13369627922709496 0.9833726327218051
vn -0.15579915896044824 -0.1495991917789198 0.9763947479817325
vn -0.12289658308763733 -0.13369627922709496 0.9833726327218051
vn -0.18780356786908176 -0.14110268115125948 0.9720184428639043
vn -0.09859516826383159 -0.134093433478637 0.9860516943309499
vn 0 -0.13370289410045383 0.9910214609730521
vn -0.12289658308763733 -0.13369627922709496 0.9833726327218051
vn -0.09859516826383159 -0.134093433478637 0.9860516943309499
vn -0.12289658308763733 -0.13369627922709496 0.9833726327218051
vn 0 -0.13370289410045383 0.9910214609730521
vn 0 -0.1336046759876943 0.991034707038166
vn 0 -0.13370289410045383 0.9910214609730521
vn 0 -0.1336046759876943 0.991034707038166
vn 0 -0.13370289410045383 0.9910214609730521
vn 0 -0.1336046759876943 0.991034707038166
vn 0 -0.13370289410045383 0.9910214609730521
vn 0 -0.13370289410045383 0.9910214609730521
vn 0 0.45061043497491726 0.8927206931015521
vn 0 0.45061043497491726 0.8927206931015521
vn 0 0.45061043497491726 0.8927206931015521
vn 0 0.45061043497491726 0.8927206931015521
vn 0 0.45061043497491726 0.8927206931015521
vn 0 0.45061043497491726 0.8927206931015521
vn 0 0.45061043497491726 0.8927206931015521
vn 0 0.45061043497491726 0.8927206931015521
vn 0 0.45061043497491726 0.8927206931015521
vn 0 0.45061043497491726 0.8927206931015521
vn 0 0.45061043497491726 0.8927206931015521
vn 0 0.45061043497491726 0.8927206931015521
vn 0 0.45061043497491726 0.8927206931015521
vn 0 0.45061043497491726 0.8927206931015521
vn 0 0.45061043497491726 0.8927206931015521
vn 0 0.45061043497491726 0.8927206931015521
vn 0 0.45061043497491726 0.8927206931015521
vn 0 0.45061043497491726 0.8927206931015521
vn 0 0.45061043497491726 0.8927206931015521
vn 0 0.45061043497491726 0.8927206931015521
vn 0 0.45061043497491726 0.8927206931015521
vn 0 0.45061043497491726 0.8927206931015521
vn 0 0.45061043497491726 0.8927206931015521
vn 0 0.45061043497491726 0.8927206931015521
vn 0 0.45061043497491726 0.8927206931015521
vn 0 0.45061043497491726 0.8927206931015521
vn 0 0.45061043497491726 0.8927206931015521
vn 0 0.45061043497491726 0.8927206931015521
vn 0 0.45061043497491726 0.8927206931015521
vn 0 0.45061043497491726 0.8927206931015521
vn 0 0.45061043497491726 0.8927206931015521
vn 0 0.45061043497491726 0.8927206931015521
vn 0 0.45061043497491726 0.8927206931015521
vn 0 0.45061043497491726 0.8927206931015521
vn 0 0.45061043497491726 0.8927206931015521
vn 0 0.45061043497491726 0.8927206931015521
vn 0 0.45061043497491726 0.8927206931015521
vn 0 0.45061043497491726 0.8927206931015521
vn 0 0.45061043497491726 0.8927206931015521
vn 0 0.45061043497491726 0.8927206931015521
vn 0 0.45061043497491726 0.8927206931015521
vn 0 0.45061043497491726 0.8927206931015521
vn 0 0.45061043497491726 0.8927206931015521
vn 0 0.45061043497491726 0.8927206931015521
vn 0 0.45061043497491726 0.8927206931015521
vn 0 0.45061043497491726 0.8927206931015521
vn 0 0.45061043497491726 0.8927206931015521
vn 0 0.45061043497491726 0.8927206931015521
vn -0.17180527262090928 0.3928120528878335 0.9034277167575172
vn 0 0.45061043497491726 0.8927206931015521
vn 0 0.45061043497491726 0.8927206931015521
vn 0 0.45061043497491726 0.8927206931015521
vn -0.17180527262090928 0.3928120528878335 0.9034277167575172
vn -0.19600354024087252 0.3844069633696471 0.9021163443403358
vn -0.16370047207743807 0.31430090809756595 0.9351027187484108
vn -0.19600354024087252 0.3844069633696471 0.9021163443403358
vn -0.17180527262090928 0.3928120528878335 0.9034277167575172
vn -0.16370047207743807 0.31430090809756595 0.9351027187484108
vn -0.12260468825222617 0.3138120155246557 0.9415360371918473
vn -0.19600354024087252 0.3844069633696471 0.9021163443403358
vn 0 0.29249034128650536 0.9562684770785366
vn -0.12260468825222617 0.3138120155246557 0.9415360371918473
vn -0.16370047207743807 0.31430090809756595 0.9351027187484108
vn -0.12260468825222617 0.3138120155246557 0.9415360371918473
vn 0 0.29249034128650536 0.9562684770785366
vn 0 0.2923989074303283 0.9562964388376389
vn 0 0.29249034128650536 0.9562684770785366
vn 0 0.2923989074303283 0.9562964388376389
vn 0 0.2923989074303283 0.9562964388376389
vn 0 0.2923989074303283 0.9562964388376389
vn 0 0.29249034128650536 0.9562684770785366
vn 0 0.2923989074303283 0.9562964388376389
vn 0 0 1
vn 0 0 1
vn 0 0 1
vn 0 0 1
vn 0 0 1
vn 0 0 1
vn 0 0 1
vn 0 0 1
vn 0 0 1
vn 0 0 1
vn 0 0 1
vn 0 0 1
vn 0 0 1
vn 0 0 1
vn 0 0 1
vn 0 0 1
vn 0 0 1
vn 0 0 1
vn 0 0 1
vn 0 0 1
vn 0 0 1
vn 0 0 1
vn 0 0 1
vn 0 0 1
vn 0 0 1
vn 0 0 1
vn 0 0 1
vn 0 0 1
vn 0 0 1
vn 0 0 1
vn 0 0 1
vn 0 0 1
vn 0 0 1
vn 0 0 1
vn 0 0 1
vn 0 0 1
vn 0 0 1
vn 0 0 1
vn 0 0 1
vn 0 0 1
vn 0 0 1
vn 0 0 1
vn 0 0 1
vn 0 0 1
vn 0 0 1
vn 0 0 1
vn 0 0 1
vn 0 0 1
vn 0 0 1
vn 0 0 1
vn 0 0 1
vn 0 0 1
vn 0 0 1
vn 0 0 1
vn 0 0 1
vn 0 0 1
vn 0 0 1
vn 0 0 1
vn 0 0 1
vn 0 0 1
vn 0 0 1
vn 0 0 1
vn 0 0 1
vn 0 0 1
vn 0 0 1
vn 0 0 1
vn -1 0 0
vn -1 0 0
vn -1 0 0
vn -1 0 0
vn -1 0 0
vn -1 0 0
vn -0.9943559661493201 -0.10609529953420206 0
vn -0.9943559661493201 -0.10609529953420206 0
vn -0.9820556264829071 0.18859148043658958 0
vn -0.9820556264829071 0.18859148043658958 0
vn -0.9943559661493201 -0.10609529953420206 0
vn -0.9820556264829071 0.18859148043658958 0
vn -0.9340243627177742 -0.35720930817891067 0
vn -0.9943559661493201 -0.10609529953420206 0
vn -0.9943559661493201 -0.10609529953420206 0
vn -0.9943559661493201 -0.10609529953420206 0
vn -0.9340243627177742 -0.35720930817891067 0
vn -0.9341038238522024 -0.35700146535370675 0
vn -0.9737075317033916 -0.22780176185466275 0
vn -0.9737075317033916 -0.22780176185466275 0
vn -0.9736357457469507 -0.22810838345790624 0
vn -0.9737075317033916 -0.22780176185466275 0
vn -0.9737075317033916 -0.22780176185466275 0
vn -0.9737075317033916 -0.22780176185466275 0
vn -0.9737075317033916 -0.22780176185466275 0
vn -0.9737075317033916 -0.22780176185466275 0
vn -0.9737075317033916 -0.22780176185466275 0
vn -0.9737075317033916 -0.22780176185466275 0
vn -0.9737075317033916 -0.22780176185466275 0
vn -0.9737075317033916 -0.22780176185466275 0
vn -0.5182994904284637 0.8551991570515461 0.00019999979953009428
vn -0.8678736832221964 0.49678493331656004 0
vn -0.5182995007944331 0.8551991741554956 0
vn -0.8678736832221964 0.49678493331656004 0
vn -0.5182995007944331 0.8551991741554956 0
vn -0.8678736832221964 0.49678493331656004 0
vn -0.8678489971347372 0.49682805694951565 0
vn -0.8678736832221964 0.49678493331656004 0
vn -0.8678736832221964 0.49678493331656004 0
vn -0.8678489971347372 0.49682805694951565 0
vn -0.8678736832221964 0.49678493331656004 0
vn -0.8678736832221964 0.49678493331656004 0
vn -0.5182995007944331 0.8551991741554956 0
vn -0.8678489971347372 0.49682805694951565 0
vn -0.8678736832221964 0.49678493331656004 0
vn -0.5182995007944331 0.8551991741554956 0
vn -0.8678736832221964 0.49678493331656004 0
vn -0.5182995007944331 0.8551991741554956 0
vn -0.937527815820896 -0.34791032546059947 0
vn -0.7624029867999152 -0.647102531071057 0
vn -0.7624029867999152 -0.647102531071057 0
vn -0.7624029867999152 -0.647102531071057 0
vn -0.937527815820896 -0.34791032546059947 0
vn -0.937527815820896 -0.34791032546059947 0
vn -0.8645829652946325 0.5024900955465093 0
vn -0.8644708163347695 0.5026830091673056 0
vn -0.8645142506126383 0.5026083072211085 0
vn -0.8644708163347695 0.5026830091673056 0
vn -0.8645829652946325 0.5024900955465093 0
vn -0.8645142506126383 0.5026083072211085 0
vn -0.9423962186607686 -0.3344986801975227 0
vn -1 0 0
vn -1 0 0
vn -0.9423962186607686 -0.3344986801975227 0
vn -1 0 0
vn -0.9423962186607686 -0.3344986801975227 0
vn -0.9423962186607686 -0.3344986801975227 0
vn -0.9423962186607686 -0.3344986801975227 0
vn -0.43939664261810624 -0.8982931539625225 0
vn -0.43939664261810624 -0.8982931539625225 0
vn -0.43939664261810624 -0.8982931539625225 0
vn -0.9423962186607686 -0.3344986801975227 0
vn 0.24599281909142517 -0.9692716507540358 0
vn 0.24599281909142517 -0.9692716507540358 0
vn 0.24599281909142517 -0.9692716507540358 0
vn 0.24599281909142517 -0.9692716507540358 0
vn 0.24599281909142517 -0.9692716507540358 0
vn 0.24599281909142517 -0.9692716507540358 0
vn -0.16490167985699064 -0.9863100100781409 0
vn 0.19609690144366346 -0.9805845222336492 0
vn 0.19609690144366346 -0.9805845222336492 0
vn 0 -1 0
vn 0.19609690144366346 -0.9805845222336492 0
vn 0.19609690144366346 -0.9805845222336492 0
vn 0.19609690144366346 -0.9805845222336492 0
vn 0 -1 0
vn 0 -1 0
vn 0.19609690144366346 -0.9805845222336492 0
vn -0.16490167985699064 -0.9863100100781409 0
vn -0.1648043940725193 -0.9863262704066996 0
vn -0.6042792399899862 -0.7967726150647528 0
vn -0.1648043940725193 -0.9863262704066996 0
vn -0.16490167985699064 -0.9863100100781409 0
vn -0.1648043940725193 -0.9863262704066996 0
vn -0.6042792399899862 -0.7967726150647528 0
vn -0.6042792399899862 -0.7967726150647528 0
vn -0.2786941668629363 -0.9603799047025994 0
vn -0.6042792399899862 -0.7967726150647528 0
vn -0.6042792399899862 -0.7967726150647528 0
vn -0.6042792399899862 -0.7967726150647528 0
vn -0.2786941668629363 -0.9603799047025994 0
vn -0.2786941668629363 -0.9603799047025994 0
vn 0.0162994650920753 -0.9998671548949453 0
vn -0.2786941668629363 -0.9603799047025994 0
vn -0.2786941668629363 -0.9603799047025994 0
vn -0.2786941668629363 -0.9603799047025994 0
vn 0.0162994650920753 -0.9998671548949453 0
vn 0.0162994650920753 -0.9998671548949453 0
vn 0.6937838613089223 -0.7201832779142278 0
vn 0.0162994650920753 -0.9998671548949453 0
vn 0.0162994650920753 -0.9998671548949453 0
vn 0.0162994650920753 -0.9998671548949453 0
vn 0.6937838613089223 -0.7201832779142278 0
vn 0.6937838474338908 -0.7201832635112324 -0.00019999534660496336
vn -0.05729754348333586 -0.9983571462712005 0
vn -0.05729754348333586 -0.9983571462712005 0
vn -0.05729754348333586 -0.9983571462712005 0
vn -0.05729754348333586 -0.9983571462712005 0
vn -0.05729754348333586 -0.9983571462712005 0
vn -0.05729754348333586 -0.9983571462712005 0
vn 0.25390748070671254 -0.9672285103537686 0
vn 0.12290232755002539 -0.9924187714280632 0
vn 0.12300081876665803 -0.9924065691956759 0
vn 0.25390748070671254 -0.9672285103537686 0
vn 0.12300081876665803 -0.9924065691956759 0
vn 0.25390748070671254 -0.9672285103537686 0
vn -0.2786941668629363 -0.9603799047025994 0
vn 0.12300081876665803 -0.9924065691956759 0
vn 0.12290232755002539 -0.9924187714280632 0
vn 0.12300081876665803 -0.9924065691956759 0
vn -0.2786941668629363 -0.9603799047025994 0
vn -0.2786941668629363 -0.9603799047025994 0
vn -0.7622624326369681 -0.6472680926713225 0
vn -0.2786941668629363 -0.9603799047025994 0
vn -0.2786941668629363 -0.9603799047025994 0
vn -0.2786941668629363 -0.9603799047025994 0
vn -0.7622624326369681 -0.6472680926713225 0
vn -0.7622624326369681 -0.6472680926713225 0
vn 0 -1 0
vn 0 -1 0
vn 0 -1 0
vn 0 -1 0
vn 0 -1 0
vn 0 -1 0
vn 0 -1 0
vn 0 -1 0
vn 0 -1 0
vn 0 -1 0
vn 0 -1 0
vn 0 -1 0
vn 0 -1 0
vn 0 -1 0
vn 0 -1 0
vn 0 -1 0
vn 0 -1 0
vn 0 -1 0
vn 0 -1 0
vn 0 -1 0
vn 0 -1 0
vn 0 -1 0
vn 0 -1 0
vn 0 -1 0
vn -0.43939664261810624 -0.8982931539625225 0
vn 0.47148589067525026 -0.88187360482904 0
vn -0.43939664261810624 -0.8982931539625225 0
vn 0.47148589067525026 -0.88187360482904 0
vn -0.43939664261810624 -0.8982931539625225 0
vn 0.47148589067525026 -0.88187360482904 0
vn 0.016399494037499844 -0.26839173162130014 -0.963170252339966
vn -0.008199880892529125 -0.2829958803219274 -0.9590860720885094
vn 0.016499463642129716 -0.26839129014598695 -0.9631686680292787
vn -0.008200124435483406 -0.2591039207158073 -0.9658146386491248
vn 0.016399494037499844 -0.26839173162130014 -0.963170252339966
vn 0.016499463642129716 -0.26839129014598695 -0.9631686680292787
vn 0.016399494037499844 -0.26839173162130014 -0.963170252339966
vn -0.008200124435483406 -0.2591039207158073 -0.9658146386491248
vn -0.008200124435483406 -0.2591039207158073 -0.9658146386491248
vn -0.008199880892529125 -0.2829958803219274 -0.9590860720885094
vn 0.016399494037499844 -0.26839173162130014 -0.963170252339966
vn -0.0163996807881684 -0.2829944826317385 -0.9589813206053812
vn -0.057398610514835816 -0.2439940989811309 -0.9680765874523318
vn -0.008199880892529125 -0.2829958803219274 -0.9590860720885094
vn -0.0163996807881684 -0.2829944826317385 -0.9589813206053812
vn -0.008199880892529125 -0.2829958803219274 -0.9590860720885094
vn -0.057398610514835816 -0.2439940989811309 -0.9680765874523318
vn -0.057500235591017676 -0.2366009617997203 -0.9699039683300738
vn -0.040898757712350436 -0.1807945166904413 -0.9826701554195365
vn -0.057500235591017676 -0.2366009617997203 -0.9699039683300738
vn -0.057398610514835816 -0.2439940989811309 -0.9680765874523318
vn -0.040898757712350436 -0.1807945166904413 -0.9826701554195365
vn -0.03280130235066456 -0.17320687254901673 -0.9843390949596024
vn -0.057500235591017676 -0.2366009617997203 -0.9699039683300738
vn -0.0164000475561567 -0.15800046465953474 -0.9873028368274482
vn -0.03280130235066456 -0.17320687254901673 -0.9843390949596024
vn -0.040898757712350436 -0.1807945166904413 -0.9826701554195365
vn -0.0164000475561567 -0.15800046465953474 -0.9873028368274482
vn -0.008200041068953078 -0.15800079782518342 -0.9874049357852497
vn -0.03280130235066456 -0.17320687254901673 -0.9843390949596024
vn -0.0164000475561567 -0.15800046465953474 -0.9873028368274482
vn 0.024500130678969306 -0.16550088719733655 -0.9859052692493372
vn -0.008200041068953078 -0.15800079782518342 -0.9874049357852497
vn 0.024500130678969306 -0.16550088719733655 -0.9859052692493372
vn -0.0164000475561567 -0.15800046465953474 -0.9873028368274482
vn 0.032801532846996134 -0.1656077400075197 -0.98564605000603
vn 0.04090161978121024 -0.18840746420523283 -0.9812388521308292
vn 0.024500130678969306 -0.16550088719733655 -0.9859052692493372
vn 0.032801532846996134 -0.1656077400075197 -0.98564605000603
vn 0.024500130678969306 -0.16550088719733655 -0.9859052692493372
vn 0.04090161978121024 -0.18840746420523283 -0.9812388521308292
vn -0.02459984871140261 -0.1808988860215514 -0.983193999411885
vn -0.02459984871140261 -0.1808988860215514 -0.983193999411885
vn 0.04090161978121024 -0.18840746420523283 -0.9812388521308292
vn -0.0409992739089141 -0.20509636201314796 -0.9778826830596367
vn -0.15579915896044824 -0.1495991917789198 -0.9763947479817325
vn -0.02459984871140261 -0.1808988860215514 -0.983193999411885
vn -0.0409992739089141 -0.20509636201314796 -0.9778826830596367
vn -0.15579915896044824 -0.1495991917789198 -0.9763947479817325
vn -0.18780356786908176 -0.14110268115125948 -0.9720184428639043
vn -0.02459984871140261 -0.1808988860215514 -0.983193999411885
vn -0.12289658308763733 -0.13369627922709496 -0.9833726327218051
vn -0.18780356786908176 -0.14110268115125948 -0.9720184428639043
vn -0.15579915896044824 -0.1495991917789198 -0.9763947479817325
vn -0.12289658308763733 -0.13369627922709496 -0.9833726327218051
vn -0.09859516826383159 -0.134093433478637 -0.9860516943309499
vn -0.18780356786908176 -0.14110268115125948 -0.9720184428639043
vn -0.12289658308763733 -0.13369627922709496 -0.9833726327218051
vn 0 -0.13370289410045383 -0.9910214609730521
vn -0.09859516826383159 -0.134093433478637 -0.9860516943309499
vn 0 -0.13370289410045383 -0.9910214609730521
vn -0.12289658308763733 -0.13369627922709496 -0.9833726327218051
vn 0.00020000966744739313 -0.13350645126754432 -0.9910479238997879
vn 0.00020000966744739313 -0.13350645126754432 -0.9910479238997879
vn 0.00010000216289811857 -0.13370289343191044 -0.9910214560177305
vn 0 -0.13370289410045383 -0.9910214609730521
vn 0.00010000216289811857 -0.13370289343191044 -0.9910214560177305
vn 0.00020000966744739313 -0.13350645126754432 -0.9910479238997879
vn 0 -0.13399752478988042 -0.9909816665055845
vn 0 0.4508100545064466 -0.8926199049740571
vn 0 0.4508100545064466 -0.8926199049740571
vn 0 0.4508100545064466 -0.8926199049740571
vn 0 0.4508100545064466 -0.8926199049740571
vn 0 0.4508100545064466 -0.8926199049740571
vn 0 0.4508100545064466 -0.8926199049740571
vn 0 0.4508100545064466 -0.8926199049740571
vn 0 0.4508100545064466 -0.8926199049740571
vn 0 0.4508100545064466 -0.8926199049740571
vn 0 0.4508100545064466 -0.8926199049740571
vn 0 0.4508100545064466 -0.8926199049740571
vn 0 0.45001146324903374 -0.8930227785137753
vn 0 0.4508100545064466 -0.8926199049740571
vn 0 0.4508100545064466 -0.8926199049740571
vn 0 0.45001146324903374 -0.8930227785137753
vn 0 0.4508100545064466 -0.8926199049740571
vn 0 0.4508100545064466 -0.8926199049740571
vn 0 0.4508100545064466 -0.8926199049740571
vn 0 0.4508100545064466 -0.8926199049740571
vn 0 0.4508100545064466 -0.8926199049740571
vn 0 0.4508100545064466 -0.8926199049740571
vn 0 0.4508100545064466 -0.8926199049740571
vn 0 0.4508100545064466 -0.8926199049740571
vn 0 0.4508100545064466 -0.8926199049740571
vn 0 0.4508100545064466 -0.8926199049740571
vn 0 0.4508100545064466 -0.8926199049740571
vn 0 0.4508100545064466 -0.8926199049740571
vn 0 0.4508100545064466 -0.8926199049740571
vn 0 0.4508100545064466 -0.8926199049740571
vn 0 0.4508100545064466 -0.8926199049740571
vn 0 0.4508100545064466 -0.8926199049740571
vn 0 0.4508100545064466 -0.8926199049740571
vn 0 0.4508100545064466 -0.8926199049740571
vn 0 0.4508100545064466 -0.8926199049740571
vn 0 0.4508100545064466 -0.8926199049740571
vn 0 0.4508100545064466 -0.8926199049740571
vn 0 0.4508100545064466 -0.8926199049740571
vn 0 0.4508100545064466 -0.8926199049740571
vn 0 0.4508100545064466 -0.8926199049740571
vn 0 0.4508100545064466 -0.8926199049740571
vn 0 0.4508100545064466 -0.8926199049740571
vn 0 0.4508100545064466 -0.8926199049740571
vn 0 0.4508100545064466 -0.8926199049740571
vn 0 0.4508100545064466 -0.8926199049740571
vn 0 0.4508100545064466 -0.8926199049740571
vn 0 0.4508100545064466 -0.8926199049740571
vn 0 0.4508100545064466 -0.8926199049740571
vn 0 0.4508100545064466 -0.8926199049740571
vn -0.19609969904154195 0.3843994268927131 -0.9020986579307003
vn 0 0.4508100545064466 -0.8926199049740571
vn 0 0.4508100545064466 -0.8926199049740571
vn 0 0.4508100545064466 -0.8926199049740571
vn -0.19609969904154195 0.3843994268927131 -0.9020986579307003
vn -0.17180527262090928 0.3928120528878335 -0.9034277167575172
vn -0.19609969904154195 0.3843994268927131 -0.9020986579307003
vn -0.16370047207743807 0.31430090809756595 -0.9351027187484108
vn -0.17180527262090928 0.3928120528878335 -0.9034277167575172
vn -0.16370047207743807 0.31430090809756595 -0.9351027187484108
vn -0.19609969904154195 0.3843994268927131 -0.9020986579307003
vn -0.12260468825222617 0.3138120155246557 -0.9415360371918473
vn 0 0.2923989074303283 -0.9562964388376389
vn -0.16370047207743807 0.31430090809756595 -0.9351027187484108
vn -0.12260468825222617 0.3138120155246557 -0.9415360371918473
vn -0.16370047207743807 0.31430090809756595 -0.9351027187484108
vn 0 0.2923989074303283 -0.9562964388376389
vn 0 0.29249034128650536 -0.9562684770785366
vn 0 0.2923989074303283 -0.9562964388376389
vn 0 0.29249034128650536 -0.9562684770785366
vn 0 0.2923989074303283 -0.9562964388376389
vn 0 0.29249034128650536 -0.9562684770785366
vn 0 0.2923989074303283 -0.9562964388376389
vn 0 0.2923989074303283 -0.9562964388376389
vn 0 0 -1
vn 0 0 -1
vn 0 0 -1
vn 0 0 -1
vn 0 0 -1
vn 0 0 -1
vn 0 0 -1
vn 0 0 -1
vn 0 0 -1
vn 0 0 -1
vn 0 0 -1
vn 0 0 -1
vn 0 0 -1
vn 0 0 -1
vn 0 0 -1
vn 0 0 -1
vn 0 0 -1
vn 0 0 -1
vn 0 0 -1
vn 0 0 -1
vn 0 0 -1
vn 0 0 -1
vn 0 0 -1
vn 0 0 -1
vn 0 0 -1
vn 0 0 -1
vn 0 0 -1
vn 0 0 -1
vn 0 0 -1
vn 0 0 -1
vn 0 0 -1
vn 0 0 -1
vn 0 0 -1
vn 0 0 -1
vn 0 0 -1
vn 0 0 -1
vn 0 0 -1
vn 0 0 -1
vn 0 0 -1
vn 0 0 -1
vn 0 0 -1
vn 0 0 -1
vn 0 0 -1
vn 0 0 -1
vn 0 0 -1
vn 0 0 -1
vn 0 0 -1
vn 0 0 -1
vn 0 0 -1
vn 0 0 -1
vn 0 0 -1
vn 0 0 -1
vn 0 0 -1
vn 0 0 -1
vn 0 0 -1
vn 0 0 -1
vn 0 0 -1
vn 0 0 -1
vn 0 0 -1
vn 0 0 -1
vn 0 0 -1
vn 0 0 -1
vn 0 0 -1
vn 0 0 -1
vn 0 0 -1
vn 0 0 -1
vn 0.9951474577092222 0.09839480380016065 0
vn 0.9951474577092222 0.09839480380016065 0
vn 0.9906817079079759 -0.1361974802136074 0
vn 0.9906817079079759 -0.1361974802136074 0
vn 0.9951474577092222 0.09839480380016065 0
vn 0.990708672816506 -0.1360011970761916 0
vn 0.9951268839095637 0.09860266183243585 0
vn 0.9340243627177742 0.35720930817891067 0
vn 0.9341038238522024 0.35700146535370675 0
vn 0.9340243627177742 0.35720930817891067 0
vn 0.9951268839095637 0.09860266183243585 0
vn 0.9951170664318331 0.09870169246827973 0
vn 1 0 0
vn 1 0 0
vn 1 0 0
vn 1 0 0
vn 1 0 0
vn 1 0 0
vn 1 0 0
vn 1 0 0
vn 1 0 0
vn 1 0 0
vn 1 0 0
vn 1 0 0
vn 1 0 0
vn 1 0 0
vn 1 0 0
vn 1 0 0
vn 1 0 0
vn 1 0 0
vn 1 0 0
vn 1 0 0
vn 1 0 0
vn 1 0 0
vn 1 0 0
vn 1 0 0
vn 1 0 0
vn 1 0 0
vn 1 0 0
vn 1 0 0
vn 1 0 0
vn 1 0 0
vn 1 0 0
vn 1 0 0
vn 1 0 0
vn 1 0 0
vn 1 0 0
vn 1 0 0
vn 1 0 0
vn 1 0 0
vn 1 0 0
vn 1 0 0
vn 1 0 0
vn 1 0 0
vn 1 0 0
vn 1 0 0
vn 1 0 0
vn 1 0 0
vn 1 0 0
vn 1 0 0
vn 1 0 0
vn 1 0 0
vn 1 0 0
vn 1 0 0
vn 1 0 0
vn 1 0 0
vn 0.8678736832221964 -0.49678493331656004 0
vn 0.8678489971347372 -0.49682805694951565 0
vn 0.8678489971347372 -0.49682805694951565 0
vn 0.8678736832221964 -0.49678493331656004 0
vn 0.8678489971347372 -0.49682805694951565 0
vn 0.8678736832221964 -0.49678493331656004 0
vn 0.8678489971347372 -0.49682805694951565 0
vn 0.8678736832221964 -0.49678493331656004 0
vn 0.8678736832221964 -0.49678493331656004 0
vn 0.8678736832221964 -0.49678493331656004 0
vn 0.8678736832221964 -0.49678493331656004 0
vn 0.8678736832221964 -0.49678493331656004 0
vn 1 0 0
vn 0.7214093158088142 0.6925089162344831 0
vn 0.7214093122016749 0.6925089127718496 -0.00010000128520520373
vn 0.7214093158088142 0.6925089162344831 0
vn 1 0 0
vn 1 0 0
vn 0.7214093158088142 -0.6925089162344831 0
vn 1 0 0
vn 1 0 0
vn 1 0 0
vn 0.7214093158088142 -0.6925089162344831 0
vn 0.7214093158088142 -0.6925089162344831 0
vn 0.9999999950000003 -0.00009999999697378756 0
vn 0.7214093158088142 -0.6925089162344831 0
vn 0.7214093122016749 -0.6925089127718496 0.00010000128520520373
vn 0.7214093158088142 -0.6925089162344831 0
vn 0.9999999950000003 -0.00009999999697378756 0
vn 0.9999999950000003 -0.00009999999697378756 0
vn 0.7214093158088142 0.6925089162344831 0
vn 0.9999999950000003 -0.00009999999697378756 0
vn 0.9999999950000003 -0.00009999999697378756 0
vn 0.9999999950000003 -0.00009999999697378756 0
vn 0.7214093158088142 0.6925089162344831 0
vn 0.7214093122016749 0.6925089127718496 -0.00010000128520520373
vn 1 0 0
vn 1 0 0
vn 1 0 0
vn 1 0 0
vn 1 0 0
vn 1 0 0
vn 1 0 0
vn 1 0 0
vn 1 0 0
vn 1 0 0
vn 1 0 0
vn 1 0 0
vn 1 0 0
vn 1 0 0
vn 1 0 0
vn 1 0 0
vn 1 0 0
vn 1 0 0
vn 1 0 0
vn 1 0 0
vn 1 0 0
vn 1 0 0
vn 1 0 0
vn 1 0 0
vn 1 0 0
vn 1 0 0
vn 1 0 0
vn 1 0 0
vn 1 0 0
vn 1 0 0
vn 1 0 0
vn 1 0 0
vn 1 0 0
vn 1 0 0
vn 1 0 0
vn 1 0 0
vn 1 0 0
vn 1 0 0
vn 1 0 0
vn 1 0 0
vn 1 0 0
vn 1 0 0
vn 1 0 0
vn 1 0 0
vn 1 0 0
vn 1 0 0
vn 1 0 0
vn 1 0 0
vn 1 0 0
vn 1 0 0
vn 1 0 0
vn 1 0 0
vn 1 0 0
vn 1 0 0
vn 1 0 0
vn 1 0 0
vn 1 0 0
vn 1 0 0
vn 1 0 0
vn 1 0 0
vn 1 0 0
vn 1 0 0
vn 1 0 0
vn 1 0 0
vn 1 0 0
vn 1 0 0
vn 1 0 0
vn 1 0 0
vn 1 0 0
vn 1 0 0
vn 1 0 0
vn 1 0 0
vn 1 0 0
vn 1 0 0
vn 1 0 0
vn 1 0 0
vn 1 0 0
vn 1 0 0
vn 1 0 0
vn 1 0 0
vn 1 0 0
vn 0 0.9223771950307326 -0.3862904478332824
vn 0 0.9223771950307326 0.3862904478332824
vn 0 0.9223771950307326 -0.3862904478332824
vn 0 0.9223771950307326 -0.3862904478332824
vn 0 0.9223771950307326 0.3862904478332824
vn 0 0.9223771950307326 0.3862904478332824
vn 0 1 0
vn 0 0.7071067811865476 -0.7071067811865476
vn 0 0.7071067811865476 -0.7071067811865476
vn 0 1 0
vn 0 1 0
vn 0 0.7071067811865476 -0.7071067811865476
vn 0 0.7071067811865476 0.7071067811865476
vn 0 1 0
vn 0 1 0
vn 0 0.7071067811865476 0.7071067811865476
vn 0 0.7071067811865476 0.7071067811865476
vn 0 1 0
vn 0 1 0
vn 0 1 0
vn 0 1 0
vn 0 1 0
vn 0 1 0
vn 0 1 0
vn 0 1 0
vn 0 1 0
vn 0 1 0
vn 0 1 0
vn 0 1 0
vn 0 1 0
vn 0 1 0
vn 0 1 0
vn 0 1 0
vn 0 1 0
vn 0 1 0
vn 0 1 0
vn 0 1 0
vn 0 0.7071067811865476 -0.7071067811865476
vn 0 0.7071067811865476 -0.7071067811865476
vn 0 1 0
vn 0 1 0
vn 0 0.7071067811865476 -0.7071067811865476
vn 0 0.7071067811865476 0.7071067811865476
vn 0 1 0
vn 0 1 0
vn 0 0.7071067811865476 0.7071067811865476
vn 0 0.7071067811865476 0.7071067811865476
vn 0 1 0
vn -0.6467774724788921 0.5353813410795325 0.5431811122615526
vn 0 0.7031960266398541 0.7109960253882728
vn -0.6440125617873501 0.7650149150572783 0
vn 0 1 0
vn -0.6440125617873501 0.7650149150572783 0
vn 0 0.7031960266398541 0.7109960253882728
vn -0.6440125617873501 0.7650149150572783 0
vn 0 1 0
vn -0.6467188152739205 0.5353155702072915 -0.5433157592637445
vn 0 0.7031960266398541 -0.7109960253882728
vn -0.6467188152739205 0.5353155702072915 -0.5433157592637445
vn 0 1 0
vn 0 0.7071067811865476 -0.7071067811865476
vn 0.00010000095964258918 0.7071067776509458 -0.7071067776509458
vn 0 0.9999999950000003 -0.00009999999697378756
vn 0 1 0
vn 0 0.9999999950000003 -0.00009999999697378756
vn 0.00010000095964258918 0.7071067776509458 -0.7071067776509458
vn 0 0.9999999950000003 -0.00009999999697378756
vn 0 1 0
vn 0 0.7071067811865476 0.7071067811865476
vn 0 0.7071067811865476 0.7071067811865476
vn 0 0.7071067811865476 0.7071067811865476
vn 0 1 0
vn 0 0.9223771950307326 0.3862904478332824
vn 0 0.3862904478332824 0.9223771950307326
vn 0 0.3862904478332824 0.9223771950307326
vn 0 0.9223771950307326 0.3862904478332824
vn 0 0.3862904478332824 0.9223771950307326
vn 0 0.9223771950307326 0.3862904478332824
vn 0 0.3862904478332824 -0.9223771950307326
vn 0 0.3862904478332824 -0.9223771950307326
vn 0 0.9223771950307326 -0.3862904478332824
vn 0 0.3862904478332824 -0.9223771950307326
vn 0 0.9223771950307326 -0.3862904478332824
vn -0.00019999504674146935 0.9223771765841023 -0.38629044010785607
vn 0 1 0
vn 0 1 0
vn 0 1 0
vn 0 1 0
vn 0 1 0
vn 0 1 0
vn 0 1 0
vn 0 0.7031960266398541 -0.7109960253882728
vn 0 0.7031960266398541 -0.7109960253882728
vn 0 0.7031960266398541 -0.7109960253882728
vn 0 1 0
vn 0 0.9999999950000003 -0.00009999999697378756
vn 0 0.7031960266398541 0.7109960253882728
vn 0 0.9999999950000003 -0.00009999999697378756
vn 0 1 0
vn 0 0.9999999950000003 -0.00009999999697378756
vn 0 0.7031960266398541 0.7109960253882728
vn 0 0.7031960266398541 0.7109960253882728
vn 0 1 0
vn 0.7213593502198965 0.6925609632735075 0
vn 0.7214093158088142 0.6925089162344831 0
vn 0.7213593502198965 0.6925609632735075 0
vn 0 1 0
vn 0 0.9999999950000003 -0.00009999999697378756
vn 0 1 0
vn -0.7213113757052118 0.6926109292223557 0
vn -0.7213113757052118 0.6926109292223557 0
vn -0.7213113757052118 0.6926109292223557 0
vn 0 1 0
vn 0 1 0
vn -0.7213113757052118 0.6926109292223557 0
vn 0 1 0
vn 0 1 0
vn 0 1 0
vn -0.7213113757052118 0.6926109292223557 0
vn -0.7214093158088142 0.6925089162344831 0
vn 0 1 0
vn 0.7214093158088142 0.6925089162344831 0
vn 0.7213113757052118 0.6926109292223557 0
vn 0.7214093158088142 0.6925089162344831 0
vn 0 1 0
vn 0 0.9999999950000003 -0.00009999999697378756
vn 0 1 0
vn 0 1 0
vn 0 1 0
vn 0 1 0
vn 0 1 0
vn 0 1 0
vn 0 1 0
vn 0 1 0
vn 0 1 0
vn 0 1 0
vn 0 1 0
vn 0 1 0
vn 0 0.7071067811865476 0.7071067811865476
vn 0 0.7071067811865476 0.7071067811865476
vn 0 0 1
vn 0 0.7071067811865476 0.7071067811865476
vn 0 0 1
vn 0 0 1
vn 0 0 1
vn 0 0 1
vn 0 -0.7071067811865476 0.7071067811865476
vn 0 0 1
vn 0 -0.7071067811865476 0.7071067811865476
vn 0 -0.7071067811865476 0.7071067811865476
vn 0 0.7071067811865476 0.7071067811865476
vn 0 0.7071067811865476 0.7071067811865476
vn 0 0.3862904478332824 0.9223771950307326
vn 0 0.7071067811865476 0.7071067811865476
vn 0 0.3862904478332824 0.9223771950307326
vn 0 0.3862904478332824 0.9223771950307326
vn 0 0.10260231557452175 0.9947224561850135
vn 0 -0.12600378419116137 0.9920297608285283
vn 0 -0.12600378419116137 0.9920297608285283
vn 0 -0.12600378419116137 0.9920297608285283
vn 0 0.0706003342905439 0.9975046830958054
vn 0 0.10260231557452175 0.9947224561850135
vn 0 -0.7030955150128324 0.7110954202980355
vn -0.6440125617873501 0 0.7650149150572783
vn -0.6466846923757943 -0.535487294133373 0.5431871376133115
vn -0.6440125617873501 0 0.7650149150572783
vn 0 -0.7030955150128324 0.7110954202980355
vn 0 0 1
vn 0 0 1
vn -0.6466846923757943 0.535487294133373 0.5431871376133115
vn -0.6440125617873501 0 0.7650149150572783
vn -0.6466846923757943 0.535487294133373 0.5431871376133115
vn 0 0 1
vn 0 0.7030955150128324 0.7110954202980355
vn 0 -0.7071067811865476 0.7071067811865476
vn 0.0000999999964737876 -0.0000999999964737876 0.9999999900000006
vn 0 -0.7071067811865476 0.7071067811865476
vn 0.0000999999964737876 -0.0000999999964737876 0.9999999900000006
vn 0 -0.7071067811865476 0.7071067811865476
vn 0 0 1
vn 0.00010000095964258918 0.7071067776509458 0.7071067776509458
vn 0 0.00009999999697378756 0.9999999950000003
vn 0 0.7071067811865476 0.7071067811865476
vn 0 0.00009999999697378756 0.9999999950000003
vn 0.00010000095964258918 0.7071067776509458 0.7071067776509458
vn 0 0 1
vn 0 0.0706998295334927 0.9974976361395224
vn 0 0.2995899694327675 0.9540680532411058
vn 0 0.10270126523493926 0.99471224488248
vn 0 0.10270126523493926 0.99471224488248
vn 0 0.2995899694327675 0.9540680532411058
vn 0 0.2995899694327675 0.9540680532411058
vn 0 0.4565886753755576 0.8896779088629737
vn 0 0.4565886753755576 0.8896779088629737
vn 0 0.36069392500316505 0.9326842404939686
vn 0 0.36069392500316505 0.9326842404939686
vn 0 0.36069392500316505 0.9326842404939686
vn 0 0.4565886753755576 0.8896779088629737
vn 0 -0.25170130032901844 0.9678049676524093
vn 0 0.36069392500316505 0.9326842404939686
vn 0 -0.25179494954588205 0.9677806070505789
vn 0 0.36069392500316505 0.9326842404939686
vn 0 -0.25170130032901844 0.9678049676524093
vn 0 0.36069392500316505 0.9326842404939686
vn 0 -0.25179494954588205 0.9677806070505789
vn 0 -0.25179494954588205 0.9677806070505789
vn 0 -0.25179494954588205 0.9677806070505789
vn 0 -0.25179494954588205 0.9677806070505789
vn 0 -0.25179494954588205 0.9677806070505789
vn 0 -0.25179494954588205 0.9677806070505789
vn 0 0 1
vn 0 0 1
vn 0 -0.00030000000074923436 0.9999999549999987
vn 0 0 1
vn 0 0 1
vn 0 0 1
vn 0 0.3862904478332824 0.9223771950307326
vn 0 0 1
vn 0 0 1
vn 0 0 1
vn 0 0.3862904478332824 0.9223771950307326
vn 0 0.3862904478332824 0.9223771950307326
vn 0 0.2830053948468353 0.9591183172516239
vn 0 0.2830053948468353 0.9591183172516239
vn 0 0.2830053948468353 0.9591183172516239
vn 0 0.2830053948468353 0.9591183172516239
vn 0 0.2830053948468353 0.9591183172516239
vn 0 0.2830053948468353 0.9591183172516239
vn 0 0 1
vn 0 0 1
vn 0 0 1
vn 0 0 1
vn 0 0 1
vn 0 0 1
vn 0 0 1
vn 0 0 1
vn 0 0 1
vn 0 0 1
vn 0 0 1
vn 0 0 1
vn 0 0 1
vn 0 0 1
vn 0 0 1
vn 0 0 1
vn 0 0 1
vn 0 0 1
vn 0 0 1
vn 0 0 1
vn 0 0 1
vn 0 0 1
vn 0 0 1
vn 0 0 1
vn 0 0 1
vn 0 0 1
vn 0 0 1
vn 0 0 1
vn 0 0 1
vn 0 0 1
vn 0 0 1
vn 0 0 1
vn 0 0 1
vn 0 0 1
vn 0 0 1
vn 0 0 1
vn 0 0 1
vn 0 0 1
vn 0 0 1
vn 0 0 1
vn 0 0 1
vn 0 0 1
vn 0 -0.7030955150128324 0.7110954202980355
vn -0.00009999935543763903 -0.7030955114974003 0.7110954167426043
vn 0 0 1
vn 0 -0.7030955150128324 0.7110954202980355
vn 0 0 1
vn 0 0 1
vn 0 0 1
vn 0 0.7030955150128324 0.7110954202980355
vn 0.00009999935543763903 0.7030955114974003 0.7110954167426043
vn 0 0 1
vn 0 0 1
vn 0 0.7030955150128324 0.7110954202980355
vn 0 0 1
vn 0 0 1
vn 0 0 1
vn 0 0 1
vn 0 0 1
vn 0 0 1
vn 0 0 1
vn 0 0 1
vn 0 0 1
vn -1 0 0
vn -1 0 0
vn -1 0 0
vn -1 0 0
vn -1 0 0
vn -1 0 0
vn -1 0 0
vn -1 0 0
vn -1 0 0
vn -1 0 0
vn -1 0 0
vn -1 0 0
vn -1 0 0
vn -1 0 0
vn -1 0 0
vn -1 0 0
vn -1 0 0
vn -1 0 0
vn -1 0 0
vn -1 0 0
vn -1 0 0
vn -1 0 0
vn -1 0 0
vn -1 0 0
vn -1 0 0
vn -1 0 0
vn -1 0 0
vn -1 0 0
vn -1 0 0
vn -1 0 0
vn -1 0 0
vn -1 0 0
vn -1 0 0
vn -1 0 0
vn -1 0 0
vn -1 0 0
vn -1 0 0
vn -1 0 0
vn -1 0 0
vn -1 0 0
vn -1 0 0
vn -1 0 0
vn -1 0 0
vn -1 0 0
vn -1 0 0
vn -1 0 0
vn -1 0 0
vn -1 0 0
vn -0.6465908747946651 0.5353924108752435 0.5433923140875881
vn -0.6466846923757943 0.535487294133373 -0.5431871376133115
vn -0.6439047407838605 -0.00010000073727449027 0.765105662504155
vn -0.6466846923757943 0.535487294133373 -0.5431871376133115
vn -0.6465908747946651 0.5353924108752435 0.5433923140875881
vn -0.6439047440034318 0.7651056663297398 0
vn -0.6439047440034318 0 -0.7651056663297398
vn -0.6439047407838605 -0.00010000073727449027 0.765105662504155
vn -0.6466846923757943 0.535487294133373 -0.5431871376133115
vn -0.6439047407838605 -0.00010000073727449027 0.765105662504155
vn -0.6439047440034318 0 -0.7651056663297398
vn -0.6466846923757943 -0.535487294133373 -0.5431871376133115
vn -0.6466846923757943 -0.535487294133373 -0.5431871376133115
vn -0.6466846923757943 -0.535487294133373 0.5431871376133115
vn -0.6439047407838605 -0.00010000073727449027 0.765105662504155
vn -0.6466846923757943 -0.535487294133373 0.5431871376133115
vn -0.6466846923757943 -0.535487294133373 -0.5431871376133115
vn -0.6439047440034318 -0.7651056663297398 0
vn -0.9989825080066227 0.0450992094958297 0.00009999824523481728
vn -0.9989825080066227 0.0450992094958297 0.00009999824523481728
vn -0.9989734027400817 0.045298792770166026 0.0003999893351870394
vn -0.9989825080066227 0.0450992094958297 0.00009999824523481728
vn -0.9989825080066227 0.0450992094958297 0.00009999824523481728
vn -0.9989825080066227 0.0450992094958297 -0.00009999824523481728
vn -0.9989825080066227 0.0450992094958297 -0.00009999824523481728
vn -0.9989825080066227 0.0450992094958297 0.00009999824523481728
vn -0.9989825080066227 0.0450992094958297 -0.00009999824523481728
vn -0.9989825080066227 0.0450992094958297 -0.00009999824523481728
vn -0.9989825080066227 0.0450992094958297 -0.00009999824523481728
vn -0.9989734776591 0.0452987961673947 0.0000999973412961608
vn -1 0 0
vn -1 0 0
vn -1 0 0
vn -1 0 0
vn -1 0 0
vn -1 0 0
vn -1 0 0
vn -1 0 0
vn -1 0 0
vn -1 0 0
vn -1 0 0
vn -1 0 0
vn -1 0 0
vn -1 0 0
vn -1 0 0
vn -1 0 0
vn -1 0 0
vn -1 0 0
vn -1 0 0
vn -1 0 0
vn -1 0 0
vn -1 0 0
vn -1 0 0
vn -1 0 0
vn -1 0 0
vn -1 0 0
vn -1 0 0
vn -1 0 0
vn -0.7214093158088142 -0.6925089162344831 0
vn -0.7214093158088142 -0.6925089162344831 0
vn -0.7214093158088142 -0.6925089162344831 0
vn -1 0 0
vn -1 0 0
vn -0.7214093158088142 0.6925089162344831 0
vn -1 0 0
vn -1 0 0
vn -1 0 0
vn -0.7214093158088142 0.6925089162344831 0
vn -0.7214093158088142 0.6925089162344831 0
vn -0.9999999950000003 -0.00009999999697378756 0
vn -0.7214093158088142 0.6925089162344831 0
vn -0.7214093158088142 0.6925089162344831 0
vn -0.7214093158088142 0.6925089162344831 0
vn -0.9999999950000003 -0.00009999999697378756 0
vn -0.9999999950000003 -0.00009999999697378756 0
vn -0.7214093158088142 -0.6925089162344831 0
vn -0.9999999950000003 -0.00009999999697378756 0
vn -0.9999999950000003 -0.00009999999697378756 0
vn -0.9999999950000003 -0.00009999999697378756 0
vn -0.7214093158088142 -0.6925089162344831 0
vn -0.7214093158088142 -0.6925089162344831 0
vn -1 0 0
vn -1 0 0
vn -1 0 0
vn -1 0 0
vn -1 0 0
vn -1 0 0
vn -1 0 0
vn -1 0 0
vn -1 0 0
vn -1 0 0
vn -1 0 0
vn -1 0 0
vn -1 0 0
vn -1 0 0
vn -1 0 0
vn -1 0 0
vn -1 0 0
vn -1 0 0
vn -1 0 0
vn -1 0 0
vn -1 0 0
vn -1 0 0
vn -1 0 0
vn -1 0 0
vn -1 0 0
vn -1 0 0
vn -1 0 0
vn -1 0 0
vn -1 0 0
vn -1 0 0
vn -1 0 0
vn -1 0 0
vn -1 0 0
vn -1 0 0
vn -1 0 0
vn -1 0 0
vn -1 0 0
vn -1 0 0
vn -1 0 0
vn -1 0 0
vn -1 0 0
vn -1 0 0
vn -1 0 0
vn -1 0 0
vn -1 0 0
vn -1 0 0
vn -1 0 0
vn -1 0 0
vn -1 0 0
vn -1 0 0
vn -1 0 0
vn -1 0 0
vn -1 0 0
vn -1 0 0
vn -1 0 0
vn -1 0 0
vn -1 0 0
vn -1 0 0
vn -1 0 0
vn -1 0 0
vn -0.9951366917254302 -0.09850362826701474 0
vn -0.9907356023042567 0.1358048832951949 0
vn -0.9907356023042567 0.1358048832951949 0
vn -0.9951366917254302 -0.09850362826701474 0
vn -0.9907356023042567 0.1358048832951949 0
vn -0.9951366917254302 -0.09850362826701474 0
vn -0.9951268839095637 -0.09860266183243585 0
vn -0.9951268839095637 -0.09860266183243585 0
vn -0.9340243627177742 -0.35720930817891067 0
vn -0.9340704676522671 -0.357088730513685 0
vn -0.9951268839095637 -0.09860266183243585 0
vn -0.9340243627177742 -0.35720930817891067 0
vn 0.04089849802428421 -0.99916330640159 0
vn 0.04099832816772442 -0.9991592150840883 0
vn 0.04099832816772442 -0.9991592150840883 0
vn 0.04099832816772442 -0.9991592150840883 0
vn 0.04099832816772442 -0.9991592150840883 0
vn 0.04089849802428421 -0.99916330640159 0
vn 0.2933971293821103 -0.9559906508278924 0
vn 0.2933971293821103 -0.9559906508278924 0
vn 0.2933971293821103 -0.9559906508278924 0
vn 0.2933971293821103 -0.9559906508278924 0
vn 0.2933971293821103 -0.9559906508278924 0
vn 0.2933971293821103 -0.9559906508278924 0
vn -0.049098248815336795 -0.97426526966444 -0.2199921505166558
vn -0.04920103920351508 -0.9759206395138151 0.21250450139288915
vn -0.04920103920351508 -0.9759206395138151 -0.21250450139288915
vn -0.04909963784161355 -0.9113932900616057 -0.4085969852978655
vn -0.049098248815336795 -0.97426526966444 -0.2199921505166558
vn -0.04920103920351508 -0.9759206395138151 -0.21250450139288915
vn -0.049098248815336795 -0.97426526966444 -0.2199921505166558
vn -0.04909963784161355 -0.9113932900616057 -0.4085969852978655
vn -0.04909963784161355 -0.9113932900616057 -0.4085969852978655
vn -0.04920103920351508 -0.9759206395138151 0.21250450139288915
vn -0.049098248815336795 -0.97426526966444 -0.2199921505166558
vn -0.049098248815336795 -0.97426526966444 0.2199921505166558
vn -0.04920103920351508 -0.9759206395138151 0.21250450139288915
vn -0.049098248815336795 -0.97426526966444 0.2199921505166558
vn -0.04909963784161355 -0.9113932900616057 0.4085969852978655
vn -0.04909963784161355 -0.9113932900616057 0.4085969852978655
vn -0.04909963784161355 -0.9113932900616057 0.4085969852978655
vn -0.049098248815336795 -0.97426526966444 0.2199921505166558
vn 0 -1 0
vn 0 -1 0
vn 0 -1 0
vn 0 -1 0
vn 0 -1 0
vn 0 -1 0
vn 0 -0.7071067811865476 0.7071067811865476
vn 0 -0.7071067811865476 0.7071067811865476
vn 0 -1 0
vn 0 -0.7071067811865476 0.7071067811865476
vn 0 -1 0
vn 0 -1 0
vn 0 -1 0
vn 0 -1 0
vn 0 -0.7071067811865476 -0.7071067811865476
vn 0 -1 0
vn 0 -0.7071067811865476 -0.7071067811865476
vn 0 -0.7071067811865476 -0.7071067811865476
vn 0 -0.7031960266398541 -0.7109960253882728
vn -0.6440125617873501 -0.7650149150572783 0
vn -0.6467774724788921 -0.5353813410795325 -0.5431811122615526
vn -0.6440125617873501 -0.7650149150572783 0
vn 0 -0.7031960266398541 -0.7109960253882728
vn 0 -1 0
vn 0 -1 0
vn -0.6467193259922974 -0.5354159529223471 0.5432162283514028
vn -0.6440125617873501 -0.7650149150572783 0
vn -0.6467193259922974 -0.5354159529223471 0.5432162283514028
vn 0 -1 0
vn 0 -0.7031960266398541 0.7109960253882728
vn 0 -1 0
vn 0 -0.7071067811865476 0.7071067811865476
vn 0 -0.9999999950000003 -0.00009999999697378756
vn 0 -0.7071067811865476 0.7071067811865476
vn 0 -1 0
vn 0 -0.7071067811865476 0.7071067811865476
vn 0 -0.9999999950000003 -0.00009999999697378756
vn 0 -0.7071067811865476 -0.7071067811865476
vn 0 -1 0
vn 0 -0.7071067811865476 -0.7071067811865476
vn 0 -0.9999999950000003 -0.00009999999697378756
vn 0 -0.7071067811865476 -0.7071067811865476
vn 0 -0.9999999800000017 0.00019999999094757548
vn 0 -0.7031960266398541 0.7109960253882728
vn 0 -0.7031960266398541 0.7109960253882728
vn 0 -0.9999999800000017 0.00019999999094757548
vn 0 -1 0
vn 0 -0.7031960266398541 0.7109960253882728
vn 0 -0.7031960266398541 -0.7109960253882728
vn 0 -1 0
vn 0 -0.9999999800000017 0.00019999999094757548
vn 0 -0.7031960266398541 -0.7109960253882728
vn 0 -0.7031960266398541 -0.7109960253882728
vn 0 -1 0
vn 0.0004999999612487284 -0.9999998750000115 0
vn 0.7213113757052118 -0.6926109292223557 0
vn 0.7214093158088142 -0.6925089162344831 0
vn 0.7213113757052118 -0.6926109292223557 0
vn 0.0004999999612487284 -0.9999998750000115 0
vn 0.00019999999094757548 -0.9999999800000017 0
vn -0.7214093158088142 -0.6925089162344831 0
vn 0.00019999999094757548 -0.9999999800000017 0
vn 0.0004999999612487284 -0.9999998750000115 0
vn 0.00019999999094757548 -0.9999999800000017 0
vn -0.7214093158088142 -0.6925089162344831 0
vn -0.7213113757052118 -0.6926109292223557 0
vn 0 -1 0
vn -0.7213113757052118 -0.6926109292223557 0
vn -0.7214093158088142 -0.6925089162344831 0
vn -0.7213113757052118 -0.6926109292223557 0
vn 0 -1 0
vn 0 -1 0
vn 0.7213113757052118 -0.6926109292223557 0
vn 0 -1 0
vn 0 -1 0
vn 0 -1 0
vn 0.7213113757052118 -0.6926109292223557 0
vn 0.7213113757052118 -0.6926109292223557 0
vn -0.2933971293821103 -0.9559906508278924 0
vn -0.2933971293821103 -0.9559906508278924 0
vn -0.2937907019285869 -0.9558697732747429 0
vn -0.2933971293821103 -0.9559906508278924 0
vn -0.2933971293821103 -0.9559906508278924 0
vn -0.29391017485367843 -0.9558330445833519 0
vn 0 -1 0
vn 0 -1 0
vn 0 -1 0
vn 0 -1 0
vn 0 -1 0
vn 0 -1 0
vn 0 0 -1
vn 0 0.7071067811865476 -0.7071067811865476
vn 0 0.00009999999697378756 -0.9999999950000003
vn 0 0.7071067811865476 -0.7071067811865476
vn 0 0 -1
vn 0 0.7071067811865476 -0.7071067811865476
vn 0 -0.7071067811865476 -0.7071067811865476
vn 0 0 -1
vn 0 -0.7071067811865476 -0.7071067811865476
vn 0 0 -1
vn 0 -0.7071067811865476 -0.7071067811865476
vn 0 0 -1
vn 0 0.3862904478332824 -0.9223771950307326
vn 0 0.7071067811865476 -0.7071067811865476
vn 0 0.3862904478332824 -0.9223771950307326
vn 0 0.7071067811865476 -0.7071067811865476
vn 0 0.3862904478332824 -0.9223771950307326
vn 0 0.7071067811865476 -0.7071067811865476
vn 0 -0.12600378419116137 -0.9920297608285283
vn 0 0.10260231557452175 -0.9947224561850135
vn 0 0.07050082952672947 -0.9975117207512115
vn 0 0.10260231557452175 -0.9947224561850135
vn 0 -0.12600378419116137 -0.9920297608285283
vn 0 -0.12600378419116137 -0.9920297608285283
vn -0.6467198240808019 -0.5355163849435849 -0.5431166270681195
vn 0 -0.00009999999697378756 -0.9999999950000003
vn 0 -0.7030955150128324 -0.7110954202980355
vn 0 -0.00009999999697378756 -0.9999999950000003
vn -0.6467198240808019 -0.5355163849435849 -0.5431166270681195
vn -0.6441203400218416 0 -0.764924171124267
vn 0 0.7030955150128324 -0.7110954202980355
vn -0.6440125617873501 0 -0.7650149150572783
vn -0.6467774724788921 0.5353813410795325 -0.5431811122615526
vn -0.6440125617873501 0 -0.7650149150572783
vn 0 0.7030955150128324 -0.7110954202980355
vn 0 0 -1
vn 0 -0.7071067811865476 -0.7071067811865476
vn 0 0 -1
vn 0 -0.7071067811865476 -0.7071067811865476
vn 0 0 -1
vn 0 -0.7071067811865476 -0.7071067811865476
vn 0 0 -1
vn 0 0 -1
vn 0 0.7071067811865476 -0.7071067811865476
vn 0 0 -1
vn 0 0.7071067811865476 -0.7071067811865476
vn 0 0 -1
vn 0 0.7071067811865476 -0.7071067811865476
vn 0 0.2995899694327675 -0.9540680532411058
vn 0 0.10289914803517516 -0.9946917941421027
vn 0 0.2995899694327675 -0.9540680532411058
vn 0 0.10289914803517516 -0.9946917941421027
vn 0 0.2995899694327675 -0.9540680532411058
vn 0 0.07089882851207352 -0.9974835117011286
vn 0 0.4565886753755576 -0.8896779088629737
vn 0 0.36060691733915656 -0.9327178840180725
vn 0 0.4565886753755576 -0.8896779088629737
vn 0 0.36060691733915656 -0.9327178840180725
vn 0 0.4565886753755576 -0.8896779088629737
vn 0 0.36060691733915656 -0.9327178840180725
vn 0 0.36060691733915656 -0.9327178840180725
vn 0 -0.25179494954588205 -0.9677806070505789
vn 0 -0.25179494954588205 -0.9677806070505789
vn 0 -0.25179494954588205 -0.9677806070505789
vn 0 0.36060691733915656 -0.9327178840180725
vn 0 0.36060691733915656 -0.9327178840180725
vn 0 -0.25179494954588205 -0.9677806070505789
vn 0 -0.25170130032901844 -0.9678049676524093
vn 0 -0.25170130032901844 -0.9678049676524093
vn 0 -0.25170130032901844 -0.9678049676524093
vn 0 -0.25179494954588205 -0.9677806070505789
vn 0 -0.25170130032901844 -0.9678049676524093
vn 0 0 -1
vn 0 0 -1
vn 0 0 -1
vn 0 0 -1
vn 0 0 -1
vn 0 0 -1
vn 0 0.3862904478332824 -0.9223771950307326
vn 0 0 -1
vn 0 0.3862904478332824 -0.9223771950307326
vn 0 0 -1
vn 0 0.3862904478332824 -0.9223771950307326
vn 0 0 -1
vn 0 0.2830053948468353 -0.9591183172516239
vn 0 0.2830053948468353 -0.9591183172516239
vn 0 0.2830053948468353 -0.9591183172516239
vn 0 0.2830053948468353 -0.9591183172516239
vn 0 0.2830053948468353 -0.9591183172516239
vn 0 0.2830053948468353 -0.9591183172516239
vn 0 0 -1
vn 0 0 -1
vn 0 0 -1
vn 0 0 -1
vn 0 0 -1
vn 0 0 -1
vn 0 0 -1
vn 0 0 -1
vn 0 0 -1
vn 0 0 -1
vn 0 0 -1
vn 0 0 -1
vn 0 0 -1
vn 0 0 -1
vn 0 0 -1
vn 0 0 -1
vn 0 0 -1
vn 0 0 -1
vn 0 0 -1
vn 0 0 -1
vn 0 0 -1
vn 0 0 -1
vn 0 0 -1
vn 0 0 -1
vn 0 0 -1
vn 0 0 -1
vn 0 0 -1
vn 0 0 -1
vn 0 0 -1
vn 0 0 -1
vn 0 0 -1
vn 0 0 -1
vn 0 0 -1
vn 0 0 -1
vn 0 0 -1
vn 0 0 -1
vn 0 0 -1
vn 0 0 -1
vn 0 0 -1
vn 0 0 -1
vn 0 0 -1
vn 0 0 -1
vn 0 0 -1
vn 0 -0.7030955150128324 -0.7110954202980355
vn 0 -0.7030955150128324 -0.7110954202980355
vn 0 0 -1
vn 0 0 -1
vn 0 -0.7030955150128324 -0.7110954202980355
vn 0 0.7030955150128324 -0.7110954202980355
vn 0 0 -1
vn 0 0 -1
vn 0 0.7030955150128324 -0.7110954202980355
vn 0 0.7030955150128324 -0.7110954202980355
vn 0 0 -1
vn 0 0 -1
vn 0 0 -1
vn 0 0 -1
vn 0 0 -1
vn 0 0 -1
vn 0 0 -1
vn 0 0 -1
vn 0 0 -1
vn 0 0 -1
vn 0.9935375067826624 0.11350428457151254 0
vn 1 0 0
vn 1 0 0
vn 1 0 0
vn 0.9935375067826624 0.11350428457151254 0
vn 0.9935262243135259 0.11360299996615095 0
vn 0.9935375067826624 0.11350428457151254 0
vn 0.9553107697078487 0.2956033377352113 0
vn 0.9935262243135259 0.11360299996615095 0
vn 0.9553107697078487 0.2956033377352113 0
vn 0.9935375067826624 0.11350428457151254 0
vn 0.9553107697078487 0.2956033377352113 0
vn 0.8069768432047942 0.5905830801260945 0
vn 0.9553107697078487 0.2956033377352113 0
vn 0.9553107697078487 0.2956033377352113 0
vn 0.9553107697078487 0.2956033377352113 0
vn 0.8069768432047942 0.5905830801260945 0
vn 0.8069768432047942 0.5905830801260945 0
vn 0.24629847513343722 0.9691940265741136 0
vn 0.8068943338882433 0.5906958049106567 0
vn 0.8068943298538287 0.5906958019572194 0.0000999992917407453
vn 0.8068943338882433 0.5906958049106567 0
vn 0.24629847513343722 0.9691940265741136 0
vn 0.24629847513343722 0.9691940265741136 0
vn 0.09069803915993709 0.9958784392146175 0
vn 0.24629847513343722 0.9691940265741136 0
vn 0.24629847513343722 0.9691940265741136 0
vn 0.24629847513343722 0.9691940265741136 0
vn 0.09069803915993709 0.9958784392146175 0
vn 0.09069803915993709 0.9958784392146175 0
vn -0.17230755042193738 0.9850432011173884 0
vn -0.13919507940964748 0.9902649796232026 0
vn -0.13919507940964748 0.9902649796232026 0
vn -0.4163929879116304 0.9091847334937081 0
vn -0.13919507940964748 0.9902649796232026 0
vn -0.13919507940964748 0.9902649796232026 0
vn -0.13919507940964748 0.9902649796232026 0
vn -0.4163929879116304 0.9091847334937081 0
vn -0.4163929879116304 0.9091847334937081 0
vn -0.17230755042193738 0.9850432011173884 0
vn -0.13919507940964748 0.9902649796232026 0
vn -0.17230755042193738 0.9850432011173884 0
vn 0.02460106722431333 0.22020956240902448 0.9751423158262854
vn 0.016499902028852657 0.2368985964197767 0.971394259941543
vn 0.02460106722431333 0.22020956240902448 0.9751423158262854
vn 0.016499902028852657 0.2368985964197767 0.971394259941543
vn 0.02460106722431333 0.22020956240902448 0.9751423158262854
vn 0.008200316579721404 0.2444094290323313 0.9696374507041702
vn 0.02460106722431333 0.22020956240902448 0.9751423158262854
vn 0.016499902028852657 0.2368985964197767 0.971394259941543
vn 0.02460106722431333 0.22020956240902448 0.9751423158262854
vn 0.02460106722431333 0.22020956240902448 0.9751423158262854
vn 0.02460106722431333 0.22020956240902448 0.9751423158262854
vn 0.024599750801861345 0.21999777745608146 0.975190150778232
vn 0.008200316579721404 0.2444094290323313 0.9696374507041702
vn 0 0.14140735108523883 0.9899514942960872
vn 0.016499902028852657 0.2368985964197767 0.971394259941543
vn 0 0.14140735108523883 0.9899514942960872
vn 0.008200316579721404 0.2444094290323313 0.9696374507041702
vn 0 0.14139335076416137 0.9899534940388274
vn 0 0.14139335076416137 0.9899534940388274
vn 0 0 1
vn 0 0.14140735108523883 0.9899514942960872
vn 0 0 1
vn 0 0.14139335076416137 0.9899534940388274
vn 0 0 1
vn 0 0 1
vn 0 0 1
vn 0 0 1
vn 0 0 1
vn 0 0 1
vn 0 0 1
vn 0 0 1
vn 0 0 1
vn 0 0 1
vn 0 0 1
vn 0 0 1
vn 0 0 1
vn -1 0 0
vn -1 0 0
vn -1 0 0
vn -1 0 0
vn -1 0 0
vn -1 0 0
vn -0.999884476906264 0.015199764533922846 0
vn -0.999884476906264 0.015199764533922846 0
vn -0.999884476906264 0.015199764533922846 0
vn -0.999884476906264 0.015199764533922846 0
vn -0.999884476906264 0.015199764533922846 0
vn -0.999884476906264 0.015199764533922846 0
vn -0.1721935551397574 0.9850631348133637 0
vn -0.9399918049260039 0.3411970203151746 0
vn -0.1721935551397574 0.9850631348133637 0
vn -0.9399918049260039 0.3411970203151746 0
vn -0.1721935551397574 0.9850631348133637 0
vn -0.9399918049260039 0.3411970203151746 0
vn -0.9399918049260039 0.3411970203151746 0
vn -0.9399918049260039 0.3411970203151746 0
vn -0.9340243627177742 -0.35720930817891067 0
vn -0.9340243627177742 -0.35720930817891067 0
vn -0.9399918049260039 0.3411970203151746 0
vn -0.9340243627177742 -0.35720930817891067 0
vn -0.9340243627177742 -0.35720930817891067 0
vn -0.9340243627177742 -0.35720930817891067 0
vn -0.6306039143582339 -0.7761048274531432 0
vn -0.6306039143582339 -0.7761048274531432 0
vn -0.9340243627177742 -0.35720930817891067 0
vn -0.6306039143582339 -0.7761048274531432 0
vn -0.6306039143582339 -0.7761048274531432 0
vn -0.6306039143582339 -0.7761048274531432 0
vn -0.5029193857212656 -0.8643333219688716 0
vn -0.5029941025689442 -0.8642898430392796 0
vn -0.6306039143582339 -0.7761048274531432 0
vn -0.5029193857212656 -0.8643333219688716 0
vn 0.02460106722431333 0.22020956240902448 -0.9751423158262854
vn 0.024598667995862872 0.22018808638758294 -0.9751472258822272
vn 0.02460106722431333 0.22020956240902448 -0.9751423158262854
vn 0.016499902028852657 0.2368985964197767 -0.971394259941543
vn 0.024598667995862872 0.22018808638758294 -0.9751472258822272
vn 0.02460106722431333 0.22020956240902448 -0.9751423158262854
vn 0.024598667995862872 0.22018808638758294 -0.9751472258822272
vn 0.016499902028852657 0.2368985964197767 -0.971394259941543
vn 0.024501123208038808 0.22021010307150063 -0.9751447100132287
vn 0.016499902028852657 0.2368985964197767 -0.971394259941543
vn 0.008200316579721404 0.2444094290323313 -0.9696374507041702
vn 0.024501123208038808 0.22021010307150063 -0.9751447100132287
vn 0.008200316579721404 0.2444094290323313 -0.9696374507041702
vn 0.016499902028852657 0.2368985964197767 -0.971394259941543
vn 0 0.14140735108523883 -0.9899514942960872
vn 0.008200316579721404 0.2444094290323313 -0.9696374507041702
vn 0 0.14140735108523883 -0.9899514942960872
vn 0 0.14139335076416137 -0.9899534940388274
vn 0 0 -1
vn 0 0.14139335076416137 -0.9899534940388274
vn 0 0.14140735108523883 -0.9899514942960872
vn 0 0.14139335076416137 -0.9899534940388274
vn 0 0 -1
vn 0 0 -1
vn 0 0 -1
vn 0 0 -1
vn 0 0 -1
vn 0 0 -1
vn 0 0 -1
vn 0 0 -1
vn 0 0 -1
vn 0 0 -1
vn 0 0 -1
vn 0 0 -1
vn 0 0 -1
vn 0 0 -1
vn 0.9989734826537019 0.045298796393876635 0
vn 0.7366142690767796 -0.6763131069205164 0
vn 0.7366142690767796 -0.6763131069205164 0
vn 0.7366142690767796 -0.6763131069205164 0
vn 0.9989734826537019 0.045298796393876635 0
vn 0.9989734826537019 0.045298796393876635 0
vn 0.6937838613089223 0.7201832779142278 0
vn 0.9989689525036823 0.04539858955623791 0
vn 0.9989734826537019 0.045298796393876635 0
vn 0.9989689525036823 0.04539858955623791 0
vn 0.6937838613089223 0.7201832779142278 0
vn 0.6937838613089223 0.7201832779142278 0
vn 0.6608870795863829 -0.7504853549775518 0
vn 0.9965581599785595 -0.0828965245360009 0
vn 0.6608870795863829 -0.7504853549775518 0
vn 0.9965581599785595 -0.0828965245360009 0
vn 0.6608870795863829 -0.7504853549775518 0
vn 0.9965581599785595 -0.0828965245360009 0
vn 0.9965581599785595 -0.0828965245360009 0
vn 0.7440842071031797 0.6680858423433568 0
vn 0.7440842071031797 0.6680858423433568 0
vn 0.7440842071031797 0.6680858423433568 0
vn 0.9965581599785595 -0.0828965245360009 0
vn 0.9965581599785595 -0.0828965245360009 0
vn 1 0 0
vn 0.7214093158088142 0.6925089162344831 0
vn 0.7214093158088142 0.6925089162344831 0
vn 0.7214093158088142 0.6925089162344831 0
vn 1 0 0
vn 0.9999999950000003 0.00009999999697378756 0
vn 0.7214093158088142 -0.6925089162344831 0
vn 0.9999999950000003 0.00009999999697378756 0
vn 1 0 0
vn 0.9999999950000003 0.00009999999697378756 0
vn 0.7214093158088142 -0.6925089162344831 0
vn 0.7214093158088142 -0.6925089162344831 0
vn 0.9981803709728604 0.060298814287534086 0
vn 0.7404331128246626 -0.6721300509817878 0
vn 0.7405280404798911 -0.6720254617668984 0
vn 0.7404331128246626 -0.6721300509817878 0
vn 0.9981803709728604 0.060298814287534086 0
vn 0.9981743471437039 0.06039844951851402 0
vn 0.9981743471437039 0.06039844951851402 0
vn 0.6775113644999304 0.7355123051135463 0
vn 0.6775113644999304 0.7355123051135463 0
vn 0.6775113644999304 0.7355123051135463 0
vn 0.9981743471437039 0.06039844951851402 0
vn 0.9981622700942585 0.06059771085013361 0
vn 0.9999999950000003 0.00009999999697378756 0
vn 0.7214093158088142 -0.6925089162344831 0
vn 0.7214093158088142 -0.6925089162344831 0
vn 0.7214093158088142 -0.6925089162344831 0
vn 0.9999999950000003 0.00009999999697378756 0
vn 0.9999999950000003 0.00009999999697378756 0
vn 0.7214093158088142 0.6925089162344831 0
vn 0.9999999950000003 0.00009999999697378756 0
vn 0.9999999950000003 0.00009999999697378756 0
vn 0.9999999950000003 0.00009999999697378756 0
vn 0.7214093158088142 0.6925089162344831 0
vn 0.7214093158088142 0.6925089162344831 0
vn 0 1 0
vn 0.7439898668394006 0.6681908993994837 0
vn 0.7439898668394006 0.6681908993994837 0
vn 0.7439898668394006 0.6681908993994837 0
vn 0 1 0
vn 0 1 0
vn -0.6774074097200621 0.7356080486620276 0
vn 0 1 0
vn 0 1 0
vn 0 1 0
vn -0.6774074097200621 0.7356080486620276 0
vn -0.6774074097200621 0.7356080486620276 0
vn 0 1 0
vn 0.6936820394822018 0.7202813534305974 0
vn 0.6936820394822018 0.7202813534305974 0
vn 0.6936820394822018 0.7202813534305974 0
vn 0 1 0
vn 0.00009999999697378756 0.9999999950000003 0
vn -0.7439898668394006 0.6681908993994837 0
vn 0 1 0
vn 0 1 0
vn 0 1 0
vn -0.7439898668394006 0.6681908993994837 0
vn -0.7439898668394006 0.6681908993994837 0
vn 0 1 0
vn 0.7213113757052118 0.6926109292223557 0
vn 0.7213113757052118 0.6926109292223557 0
vn 0.7213113757052118 0.6926109292223557 0
vn 0 1 0
vn 0 1 0
vn 0 1 0
vn -0.7213113757052118 0.6926109292223557 0
vn -0.7213113757052118 0.6926109292223557 0
vn -0.7213113757052118 0.6926109292223557 0
vn 0 1 0
vn 0 1 0
vn 0.6774074097200621 0.7356080486620276 0
vn 0 1 0
vn 0.6774074097200621 0.7356080486620276 0
vn 0 1 0
vn 0.6774074097200621 0.7356080486620276 0
vn 0.00009999999697378756 0.9999999950000003 0
vn -0.6936820394822018 0.7202813534305974 0
vn 0 1 0
vn 0 1 0
vn 0 1 0
vn -0.6936820394822018 0.7202813534305974 0
vn -0.6936820394822018 0.7202813534305974 0
vn -0.7213113757052118 0.6926109292223557 0
vn -0.00009999999697378756 0.9999999950000003 0
vn 0 1 0
vn -0.00009999999697378756 0.9999999950000003 0
vn -0.7213113757052118 0.6926109292223557 0
vn -0.7213113757052118 0.6926109292223557 0
vn 0 1 0
vn 0.7213113757052118 0.6926109292223557 0
vn 0.7213113757052118 0.6926109292223557 0
vn 0.7213113757052118 0.6926109292223557 0
vn 0 1 0
vn 0 1 0
vn 0 -0.17329472175037822 0.9848700114296601
vn 0 -0.17329472175037822 0.9848700114296601
vn 0 -0.17339171481133533 0.9848529399025951
vn 0 -0.17329472175037822 0.9848700114296601
vn 0 -0.17319772364684263 0.9848870739955684
vn 0 -0.17329472175037822 0.9848700114296601
vn 0 -0.17329472175037822 0.9848700114296601
vn 0 -0.17319772364684263 0.9848870739955684
vn 0 -0.17329472175037822 0.9848700114296601
vn 0 -0.17319772364684263 0.9848870739955684
vn 0 -0.17329472175037822 0.9848700114296601
vn 0 -0.17329472175037822 0.9848700114296601
vn 0 -0.17329472175037822 0.9848700114296601
vn 0 -0.17329472175037822 0.9848700114296601
vn 0 -0.17319772364684263 0.9848870739955684
vn 0 -0.17329472175037822 0.9848700114296601
vn 0 -0.17329472175037822 0.9848700114296601
vn 0 -0.17329472175037822 0.9848700114296601
vn 0 0.3232989308320047 0.9462968885729693
vn 0 0.3232989308320047 0.9462968885729693
vn 0 0.3232989308320047 0.9462968885729693
vn 0 0.3232989308320047 0.9462968885729693
vn 0 0.3232989308320047 0.9462968885729693
vn 0 0.3232093641458672 0.946327483976041
vn 0 0.3232989308320047 0.9462968885729693
vn 0 0.3232093641458672 0.946327483976041
vn 0 0.3232989308320047 0.9462968885729693
vn 0 0.3232093641458672 0.946327483976041
vn 0 0.3232989308320047 0.9462968885729693
vn 0 0.3232989308320047 0.9462968885729693
vn 0 0.3232989308320047 0.9462968885729693
vn 0 0.3232989308320047 0.9462968885729693
vn 0 0.3232093641458672 0.946327483976041
vn 0 0.3232989308320047 0.9462968885729693
vn 0 0.3232989308320047 0.9462968885729693
vn 0 0.3232989308320047 0.9462968885729693
vn 0 -0.25179494954588205 0.9677806070505789
vn 0 -0.25179494954588205 0.9677806070505789
vn 0 -0.25179494954588205 0.9677806070505789
vn 0 -0.25179494954588205 0.9677806070505789
vn 0 -0.25179494954588205 0.9677806070505789
vn 0 -0.25179494954588205 0.9677806070505789
vn 0 -0.25179494954588205 0.9677806070505789
vn 0 -0.25179494954588205 0.9677806070505789
vn 0 -0.25179494954588205 0.9677806070505789
vn 0 -0.25179494954588205 0.9677806070505789
vn 0 -0.25179494954588205 0.9677806070505789
vn 0 -0.25179494954588205 0.9677806070505789
vn 0 -0.25179494954588205 0.9677806070505789
vn 0 -0.25179494954588205 0.9677806070505789
vn 0 -0.25179494954588205 0.9677806070505789
vn 0 -0.25179494954588205 0.9677806070505789
vn 0 -0.25179494954588205 0.9677806070505789
vn 0 -0.25179494954588205 0.9677806070505789
vn -0.7405280404798911 -0.6720254617668984 0
vn -0.9981803709728604 0.060298814287534086 0
vn -0.9981743471437039 0.06039844951851402 0
vn -0.9981803709728604 0.060298814287534086 0
vn -0.7405280404798911 -0.6720254617668984 0
vn -0.7405280404798911 -0.6720254617668984 0
vn -0.9981622700942585 0.06059771085013361 0
vn -0.6775113644999304 0.7355123051135463 0
vn -0.6775113644999304 0.7355123051135463 0
vn -0.6775113644999304 0.7355123051135463 0
vn -0.9981622700942585 0.06059771085013361 0
vn -0.9981622700942585 0.06059771085013361 0
vn -0.7366142690767796 -0.6763131069205164 0
vn -0.9989734826537019 0.045298796393876635 0
vn -0.9989734826537019 0.045298796393876635 0
vn -0.9989734826537019 0.045298796393876635 0
vn -0.7366142690767796 -0.6763131069205164 0
vn -0.7366600124406399 -0.6762632816225913 0
vn -0.9999999950000003 0.00009999999697378756 0
vn -0.7214093158088142 -0.6925089162344831 0
vn -0.7214093158088142 -0.6925089162344831 0
vn -0.7214093158088142 -0.6925089162344831 0
vn -0.9999999950000003 0.00009999999697378756 0
vn -1 0 0
vn -0.7214093158088142 0.6925089162344831 0
vn -1 0 0
vn -0.9999999950000003 0.00009999999697378756 0
vn -1 0 0
vn -0.7214093158088142 0.6925089162344831 0
vn -0.7214093158088142 0.6925089162344831 0
vn -0.6608870795863829 -0.7504853549775518 0
vn -0.9965581599785595 -0.0828965245360009 0
vn -0.6608870795863829 -0.7504853549775518 0
vn -0.9965581599785595 -0.0828965245360009 0
vn -0.6608870795863829 -0.7504853549775518 0
vn -0.9965581599785595 -0.0828965245360009 0
vn -0.9965581599785595 -0.0828965245360009 0
vn -0.7441339267725505 0.6680304626482721 0
vn -0.7439898668394006 0.6681908993994837 0
vn -0.9965581599785595 -0.0828965245360009 0
vn -0.9965581599785595 -0.0828965245360009 0
vn -0.7441339267725505 0.6680304626482721 0
vn -0.99895986259081 0.045598168083266034 0
vn -0.6937838613089223 0.7201832779142278 0
vn -0.6937838613089223 0.7201832779142278 0
vn -0.6937838613089223 0.7201832779142278 0
vn -0.99895986259081 0.045598168083266034 0
vn -0.9989644125953347 0.04549837764204097 0
vn -0.9999999950000003 0.00009999999697378756 0
vn -0.7214093158088142 0.6925089162344831 0
vn -0.7214093158088142 0.6925089162344831 0
vn -0.7214093158088142 0.6925089162344831 0
vn -0.9999999950000003 0.00009999999697378756 0
vn -0.9999999950000003 0.00009999999697378756 0
vn -0.7214093158088142 -0.6925089162344831 0
vn -0.9999999950000003 0.00009999999697378756 0
vn -0.9999999950000003 0.00009999999697378756 0
vn -0.9999999950000003 0.00009999999697378756 0
vn -0.7214093158088142 -0.6925089162344831 0
vn -0.7214093158088142 -0.6925089162344831 0
vn 0.00009999999697378756 -0.9999999950000003 0
vn 0.6608870795863829 -0.7504853549775518 0
vn 0.6608870795863829 -0.7504853549775518 0
vn 0.6608870795863829 -0.7504853549775518 0
vn 0.00009999999697378756 -0.9999999950000003 0
vn 0 -1 0
vn 0 -1 0
vn -0.7403833369228626 -0.6721848811204898 0
vn -0.7403833369228626 -0.6721848811204898 0
vn -0.7403833369228626 -0.6721848811204898 0
vn 0 -1 0
vn 0 -1 0
vn 0.7365187125769572 -0.6764171686348458 0
vn 0.00009999999697378756 -0.9999999950000003 0
vn 0.00009999999697378756 -0.9999999950000003 0
vn 0.00009999999697378756 -0.9999999950000003 0
vn 0.7365187125769572 -0.6764171686348458 0
vn 0.7365187125769572 -0.6764171686348458 0
vn 0 -1 0
vn -0.7365644430265617 -0.6763673715289427 0
vn 0 -1 0
vn -0.7365644430265617 -0.6763673715289427 0
vn 0 -1 0
vn -0.7365644430265617 -0.6763673715289427 0
vn 0.7403833369228626 -0.6721848811204898 0
vn 0 -1 0
vn 0 -1 0
vn 0 -1 0
vn 0.7403833369228626 -0.6721848811204898 0
vn 0.7403833369228626 -0.6721848811204898 0
vn 0.00009999999697378756 -0.9999999950000003 0
vn 0.7213113757052118 -0.6926109292223557 0
vn 0.7213113757052118 -0.6926109292223557 0
vn 0.7213113757052118 -0.6926109292223557 0
vn 0.00009999999697378756 -0.9999999950000003 0
vn -0.00019999999094757548 -0.9999999800000017 0
vn -0.7213113757052118 -0.6926109292223557 0
vn -0.00019999999094757548 -0.9999999800000017 0
vn 0.00009999999697378756 -0.9999999950000003 0
vn -0.00019999999094757548 -0.9999999800000017 0
vn -0.7213113757052118 -0.6926109292223557 0
vn -0.7213113757052118 -0.6926109292223557 0
vn 0 -1 0
vn -0.6607811665735304 -0.750578610074737 0
vn -0.6608307429289867 -0.7505349620103807 0
vn -0.6607811665735304 -0.750578610074737 0
vn 0 -1 0
vn 0 -1 0
vn 0.00009999999697378756 -0.9999999950000003 0
vn -0.7214093158088142 -0.6925089162344831 0
vn -0.7213113757052118 -0.6926109292223557 0
vn -0.7214093158088142 -0.6925089162344831 0
vn 0.00009999999697378756 -0.9999999950000003 0
vn 0 -1 0
vn 0.7213113757052118 -0.6926109292223557 0
vn 0 -1 0
vn 0.00009999999697378756 -0.9999999950000003 0
vn 0 -1 0
vn 0.7213113757052118 -0.6926109292223557 0
vn 0.7214093158088142 -0.6925089162344831 0
vn 0 -0.17329472175037822 -0.9848700114296601
vn 0 -0.17319772364684263 -0.9848870739955684
vn 0 -0.17329472175037822 -0.9848700114296601
vn 0 -0.17329472175037822 -0.9848700114296601
vn 0 -0.17329472175037822 -0.9848700114296601
vn 0 -0.17329472175037822 -0.9848700114296601
vn 0 -0.17319772364684263 -0.9848870739955684
vn 0 -0.17329472175037822 -0.9848700114296601
vn 0 -0.17329472175037822 -0.9848700114296601
vn 0 -0.17329472175037822 -0.9848700114296601
vn 0 -0.17319772364684263 -0.9848870739955684
vn 0 -0.17329472175037822 -0.9848700114296601
vn 0 -0.17319772364684263 -0.9848870739955684
vn 0 -0.17329472175037822 -0.9848700114296601
vn 0 -0.17329472175037822 -0.9848700114296601
vn 0 -0.17329472175037822 -0.9848700114296601
vn 0 -0.17329472175037822 -0.9848700114296601
vn 0 -0.17329472175037822 -0.9848700114296601
vn 0 0.3232989308320047 -0.9462968885729693
vn 0 0.3232989308320047 -0.9462968885729693
vn 0 0.3232989308320047 -0.9462968885729693
vn 0 0.3232989308320047 -0.9462968885729693
vn 0 0.3232989308320047 -0.9462968885729693
vn 0 0.3232989308320047 -0.9462968885729693
vn 0 0.3232989308320047 -0.9462968885729693
vn 0 0.3232989308320047 -0.9462968885729693
vn 0 0.3232989308320047 -0.9462968885729693
vn 0 0.3232989308320047 -0.9462968885729693
vn 0 0.3232989308320047 -0.9462968885729693
vn 0 0.3232989308320047 -0.9462968885729693
vn 0 0.3232989308320047 -0.9462968885729693
vn 0 0.3232989308320047 -0.9462968885729693
vn 0 0.3232989308320047 -0.9462968885729693
vn 0 0.3232989308320047 -0.9462968885729693
vn 0 0.3232989308320047 -0.9462968885729693
vn 0 0.3232989308320047 -0.9462968885729693
vn 0 -0.25179494954588205 -0.9677806070505789
vn 0 -0.25179494954588205 -0.9677806070505789
vn 0 -0.25179494954588205 -0.9677806070505789
vn 0 -0.25179494954588205 -0.9677806070505789
vn 0 -0.25179494954588205 -0.9677806070505789
vn 0 -0.25179494954588205 -0.9677806070505789
vn 0 -0.25179494954588205 -0.9677806070505789
vn 0 -0.25179494954588205 -0.9677806070505789
vn 0 -0.25179494954588205 -0.9677806070505789
vn 0 -0.25179494954588205 -0.9677806070505789
vn 0 -0.25179494954588205 -0.9677806070505789
vn 0 -0.25179494954588205 -0.9677806070505789
vn 0 -0.25179494954588205 -0.9677806070505789
vn 0 -0.25179494954588205 -0.9677806070505789
vn 0 -0.25179494954588205 -0.9677806070505789
vn 0 -0.25179494954588205 -0.9677806070505789
vn 0 -0.25179494954588205 -0.9677806070505789
vn 0 -0.25179494954588205 -0.9677806070505789
f 1/1/1 2/2/2 3/3/3
f 4/4/4 5/5/5 6/6/6
f 7/7/7 8/8/8 9/9/9
f 10/10/10 11/11/11 12/12/12
f 13/13/13 14/14/14 15/15/15
f 16/16/16 17/17/17 18/18/18
f 19/19/19 20/20/20 21/21/21
f 22/22/22 23/23/23 24/24/24
f 25/25/25 26/26/26 27/27/27
f 28/28/28 29/29/29 30/30/30
f 31/31/31 32/32/32 33/33/33
f 34/34/34 35/35/35 36/36/36
f 37/37/37 38/38/38 39/39/39
f 40/40/40 41/41/41 42/42/42
f 43/43/43 44/44/44 45/45/45
f 46/46/46 47/47/47 48/48/48
f 49/49/49 50/50/50 51/51/51
f 52/52/52 53/53/53 54/54/54
f 55/55/55 56/56/56 57/57/57
f 58/58/58 59/59/59 60/60/60
f 61/61/61 62/62/62 63/63/63
f 64/64/64 65/65/65 66/66/66
f 67/67/67 68/68/68 69/69/69
f 70/70/70 71/71/71 72/72/72
f 73/73/73 74/74/74 75/75/75
f 76/76/76 77/77/77 78/78/78
f 79/79/79 80/80/80 81/81/81
f 82/82/82 83/83/83 84/84/84
f 85/85/85 86/86/86 87/87/87
f 88/88/88 89/89/89 90/90/90
f 91/91/91 92/92/92 93/93/93
f 94/94/94 95/95/95 96/96/96
f 97/97/97 98/98/98 99/99/99
f 100/100/100 101/101/101 102/102/102
f 103/103/103 104/104/104 105/105/105
f 106/106/106 107/107/107 108/108/108
f 109/109/109 110/110/110 111/111/111
f 112/112/112 113/113/113 114/114/114
f 115/115/115 116/116/116 117/117/117
f 118/118/118 119/119/119 120/120/120
f 121/121/121 122/122/122 123/123/123
f 124/124/124 125/125/125 126/126/126
f 127/127/127 128/128/128 129/129/129
f 130/130/130 131/131/131 132/132/132
f 133/133/133 134/134/134 135/135/135
f 136/136/136 137/137/137 138/138/138
f 139/139/139 140/140/140 141/141/141
f 142/142/142 143/143/143 144/144/144
f 145/145/145 146/146/146 147/147/147
f 148/148/148 149/149/149 150/150/150
f 151/151/151 152/152/152 153/153/153
f 154/154/154 155/155/155 156/156/156
f 157/157/157 158/158/158 159/159/159
f 160/160/160 161/161/161 162/162/162
f 163/163/163 164/164/164 165/165/165
f 166/166/166 167/167/167 168/168/168
f 169/169/169 170/170/170 171/171/171
f 172/172/172 173/173/173 174/174/174
f 175/175/175 176/176/176 177/177/177
f 178/178/178 179/179/179 180/180/180
f 181/181/181 182/182/182 183/183/183
f 184/184/184 185/185/185 186/186/186
f 187/187/187 188/188/188 189/189/189
f 190/190/190 191/191/191 192/192/192
f 193/193/193 194/194/194 195/195/195
f 196/196/196 197/197/197 198/198/198
f 199/199/199 200/200/200 201/201/201
f 202/202/202 203/203/203 204/204/204
f 205/205/205 206/206/206 207/207/207
f 208/208/208 209/209/209 210/210/210
f 211/211/211 212/212/212 213/213/213
f 214/214/214 215/215/215 216/216/216
f 217/217/217 218/218/218 219/219/219
f 220/220/220 221/221/221 222/222/222
f 223/223/223 224/224/224 225/225/225
f 226/226/226 227/227/227 228/228/228
f 229/229/229 230/230/230 231/231/231
f 232/232/232 233/233/233 234/234/234
f 235/235/235 236/236/236 237/237/237
f 238/238/238 239/239/239 240/240/240
f 241/241/241 242/242/242 243/243/243
f 244/244/244 245/245/245 246/246/246
f 247/247/247 248/248/248 249/249/249
f 250/250/250 251/251/251 252/252/252
f 253/253/253 254/254/254 255/255/255
f 256/256/256 257/257/257 258/258/258
f 259/259/259 260/260/260 261/261/261
f 262/262/262 263/263/263 264/264/264
f 265/265/265 266/266/266 267/267/267
f 268/268/268 269/269/269 270/270/270
f 271/271/271 272/272/272 273/273/273
f 274/274/274 275/275/275 276/276/276
f 277/277/277 278/278/278 279/279/279
f 280/280/280 281/281/281 282/282/282
f 283/283/283 284/284/284 285/285/285
f 286/286/286 287/287/287 288/288/288
f 289/289/289 290/290/290 291/291/291
f 292/292/292 293/293/293 294/294/294
f 295/295/295 296/296/296 297/297/297
f 298/298/298 299/299/299 300/300/300
f 301/301/301 302/302/302 303/303/303
f 304/304/304 305/305/305 306/306/306
f 307/307/307 308/308/308 309/309/309
f 310/310/310 311/311/311 312/312/312
f 313/313/313 314/314/314 315/315/315
f 316/316/316 317/317/317 318/318/318
f 319/319/319 320/320/320 321/321/321
f 322/322/322 323/323/323 324/324/324
f 325/325/325 326/326/326 327/327/327
f 328/328/328 329/329/329 330/330/330
f 331/331/331 332/332/332 333/333/333
f 334/334/334 335/335/335 336/336/336
f 337/337/337 338/338/338 339/339/339
f 340/340/340 341/341/341 342/342/342
f 343/343/343 344/344/344 345/345/345
f 346/346/346 347/347/347 348/348/348
f 349/349/349 350/350/350 351/351/351
f 352/352/352 353/353/353 354/354/354
f 355/355/355 356/356/356 357/357/357
f 358/358/358 359/359/359 360/360/360
f 361/361/361 362/362/362 363/363/363
f 364/364/364 365/365/365 366/366/366
f 367/367/367 368/368/368 369/369/369
f 370/370/370 371/371/371 372/372/372
f 373/373/373 374/374/374 375/375/375
f 376/376/376 377/377/377 378/378/378
f 379/379/379 380/380/380 381/381/381
f 382/382/382 383/383/383 384/384/384
f 385/385/385 386/386/386 387/387/387
f 388/388/388 389/389/389 390/390/390
f 391/391/391 392/392/392 393/393/393
f 394/394/394 395/395/395 396/396/396
f 397/397/397 398/398/398 399/399/399
f 400/400/400 401/401/401 402/402/402
f 403/403/403 404/404/404 405/405/405
f 406/406/406 407/407/407 408/408/408
f 409/409/409 410/410/410 411/411/411
f 412/412/412 413/413/413 414/414/414
f 415/415/415 416/416/416 417/417/417
f 418/418/418 419/419/419 420/420/420
f 421/421/421 422/422/422 423/423/423
f 424/424/424 425/425/425 426/426/426
f 427/427/427 428/428/428 429/429/429
f 430/430/430 431/431/431 432/432/432
f 433/433/433 434/434/434 435/435/435
f 436/436/436 437/437/437 438/438/438
f 439/439/439 440/440/440 441/441/441
f 442/442/442 443/443/443 444/444/444
f 445/445/445 446/446/446 447/447/447
f 448/448/448 449/449/449 450/450/450
f 451/451/451 452/452/452 453/453/453
f 454/454/454 455/455/455 456/456/456
f 457/457/457 458/458/458 459/459/459
f 460/460/460 461/461/461 462/462/462
f 463/463/463 464/464/464 465/465/465
f 466/466/466 467/467/467 468/468/468
f 469/469/469 470/470/470 471/471/471
f 472/472/472 473/473/473 474/474/474
f 475/475/475 476/476/476 477/477/477
f 478/478/478 479/479/479 480/480/480
f 481/481/481 482/482/482 483/483/483
f 484/484/484 485/485/485 486/486/486
f 487/487/487 488/488/488 489/489/489
f 490/490/490 491/491/491 492/492/492
f 493/493/493 494/494/494 495/495/495
f 496/496/496 497/497/497 498/498/498
f 499/499/499 500/500/500 501/501/501
f 502/502/502 503/503/503 504/504/504
f 505/505/505 506/506/506 507/507/507
f 508/508/508 509/509/509 510/510/510
f 511/511/511 512/512/512 513/513/513
f 514/514/514 515/515/515 516/516/516
f 517/517/517 518/518/518 519/519/519
f 520/520/520 521/521/521 522/522/522
f 523/523/523 524/524/524 525/525/525
f 526/526/526 527/527/527 528/528/528
f 529/529/529 530/530/530 531/531/531
f 532/532/532 533/533/533 534/534/534
f 535/535/535 536/536/536 537/537/537
f 538/538/538 539/539/539 540/540/540
f 541/541/541 542/542/542 543/543/543
f 544/544/544 545/545/545 546/546/546
f 547/547/547 548/548/548 549/549/549
f 550/550/550 551/551/551 552/552/552
f 553/553/553 554/554/554 555/555/555
f 556/556/556 557/557/557 558/558/558
f 559/559/559 560/560/560 561/561/561
f 562/562/562 563/563/563 564/564/564
f 565/565/565 566/566/566 567/567/567
f 568/568/568 569/569/569 570/570/570
f 571/571/571 572/572/572 573/573/573
f 574/574/574 575/575/575 576/576/576
f 577/577/577 578/578/578 579/579/579
f 580/580/580 581/581/581 582/582/582
f 583/583/583 584/584/584 585/585/585
f 586/586/586 587/587/587 588/588/588
f 589/589/589 590/590/590 591/591/591
f 592/592/592 593/593/593 594/594/594
f 595/595/595 596/596/596 597/597/597
f 598/598/598 599/599/599 600/600/600
f 601/601/601 602/602/602 603/603/603
f 604/604/604 605/605/605 606/606/606
f 607/607/607 608/608/608 609/609/609
f 610/610/610 611/611/611 612/612/612
f 613/613/613 614/614/614 615/615/615
f 616/616/616 617/617/617 618/618/618
f 619/619/619 620/620/620 621/621/621
f 622/622/622 623/623/623 624/624/624
f 625/625/625 626/626/626 627/627/627
f 628/628/628 629/629/629 630/630/630
f 631/631/631 632/632/632 633/633/633
f 634/634/634 635/635/635 636/636/636
f 637/637/637 638/638/638 639/639/639
f 640/640/640 641/641/641 642/642/642
f 643/643/643 644/644/644 645/645/645
f 646/646/646 647/647/647 648/648/648
f 649/649/649 650/650/650 651/651/651
f 652/652/652 653/653/653 654/654/654
f 655/655/655 656/656/656 657/657/657
f 658/658/658 659/659/659 660/660/660
f 661/661/661 662/662/662 663/663/663
f 664/664/664 665/665/665 666/666/666
f 667/667/667 668/668/668 669/669/669
f 670/670/670 671/671/671 672/672/672
f 673/673/673 674/674/674 675/675/675
f 676/676/676 677/677/677 678/678/678
f 679/679/679 680/680/680 681/681/681
f 682/682/682 683/683/683 684/684/684
f 685/685/685 686/686/686 687/687/687
f 688/688/688 689/689/689 690/690/690
f 691/691/691 692/692/692 693/693/693
f 694/694/694 695/695/695 696/696/696
f 697/697/697 698/698/698 699/699/699
f 700/700/700 701/701/701 702/702/702
f 703/703/703 704/704/704 705/705/705
f 706/706/706 707/707/707 708/708/708
f 709/709/709 710/710/710 711/711/711
f 712/712/712 713/713/713 714/714/714
f 715/715/715 716/716/716 717/717/717
f 718/718/718 719/719/719 720/720/720
f 721/721/721 722/722/722 723/723/723
f 724/724/724 725/725/725 726/726/726
f 727/727/727 728/728/728 729/729/729
f 730/730/730 731/731/731 732/732/732
f 733/733/733 734/734/734 735/735/735
f 736/736/736 737/737/737 738/738/738
f 739/739/739 740/740/740 741/741/741
f 742/742/742 743/743/743 744/744/744
f 745/745/745 746/746/746 747/747/747
f 748/748/748 749/749/749 750/750/750
f 751/751/751 752/752/752 753/753/753
f 754/754/754 755/755/755 756/756/756
f 757/757/757 758/758/758 759/759/759
f 760/760/760 761/761/761 762/762/762
f 763/763/763 764/764/764 765/765/765
f 766/766/766 767/767/767 768/768/768
f 769/769/769 770/770/770 771/771/771
f 772/772/772 773/773/773 774/774/774
f 775/775/775 776/776/776 777/777/777
f 778/778/778 779/779/779 780/780/780
f 781/781/781 782/782/782 783/783/783
f 784/784/784 785/785/785 786/786/786
f 787/787/787 788/788/788 789/789/789
f 790/790/790 791/791/791 792/792/792
f 793/793/793 794/794/794 795/795/795
f 796/796/796 797/797/797 798/798/798
f 799/799/799 800/800/800 801/801/801
f 802/802/802 803/803/803 804/804/804
f 805/805/805 806/806/806 807/807/807
f 808/808/808 809/809/809 810/810/810
f 811/811/811 812/812/812 813/813/813
f 814/814/814 815/815/815 816/816/816
f 817/817/817 818/818/818 819/819/819
f 820/820/820 821/821/821 822/822/822
f 823/823/823 824/824/824 825/825/825
f 826/826/826 827/827/827 828/828/828
f 829/829/829 830/830/830 831/831/831
f 832/832/832 833/833/833 834/834/834
f 835/835/835 836/836/836 837/837/837
f 838/838/838 839/839/839 840/840/840
f 841/841/841 842/842/842 843/843/843
f 844/844/844 845/845/845 846/846/846
f 847/847/847 848/848/848 849/849/849
f 850/850/850 851/851/851 852/852/852
f 853/853/853 854/854/854 855/855/855
f 856/856/856 857/857/857 858/858/858
f 859/859/859 860/860/860 861/861/861
f 862/862/862 863/863/863 864/864/864
f 865/865/865 866/866/866 867/867/867
f 868/868/868 869/869/869 870/870/870
f 871/871/871 872/872/872 873/873/873
f 874/874/874 875/875/875 876/876/876
f 877/877/877 878/878/878 879/879/879
f 880/880/880 881/881/881 882/882/882
f 883/883/883 884/884/884 885/885/885
f 886/886/886 887/887/887 888/888/888
f 889/889/889 890/890/890 891/891/891
f 892/892/892 893/893/893 894/894/894
f 895/895/895 896/896/896 897/897/897
f 898/898/898 899/899/899 900/900/900
f 901/901/901 902/902/902 903/903/903
f 904/904/904 905/905/905 906/906/906
f 907/907/907 908/908/908 909/909/909
f 910/910/910 911/911/911 912/912/912
f 913/913/913 914/914/914 915/915/915
f 916/916/916 917/917/917 918/918/918
f 919/919/919 920/920/920 921/921/921
f 922/922/922 923/923/923 924/924/924
f 925/925/925 926/926/926 927/927/927
f 928/928/928 929/929/929 930/930/930
f 931/931/931 932/932/932 933/933/933
f 934/934/934 935/935/935 936/936/936
f 937/937/937 938/938/938 939/939/939
f 940/940/940 941/941/941 942/942/942
f 943/943/943 944/944/944 945/945/945
f 946/946/946 947/947/947 948/948/948
f 949/949/949 950/950/950 951/951/951
f 952/952/952 953/953/953 954/954/954
f 955/955/955 956/956/956 957/957/957
f 958/958/958 959/959/959 960/960/960
f 961/961/961 962/962/962 963/963/963
f 964/964/964 965/965/965 966/966/966
f 967/967/967 968/968/968 969/969/969
f 970/970/970 971/971/971 972/972/972
f 973/973/973 974/974/974 975/975/975
f 976/976/976 977/977/977 978/978/978
f 979/979/979 980/980/980 981/981/981
f 982/982/982 983/983/983 984/984/984
f 985/985/985 986/986/986 987/987/987
f 988/988/988 989/989/989 990/990/990
f 991/991/991 992/992/992 993/993/993
f 994/994/994 995/995/995 996/996/996
f 997/997/997 998/998/998 999/999/999
f 1000/1000/1000 1001/1001/1001 1002/1002/1002
f 1003/1003/1003 1004/1004/1004 1005/1005/1005
f 1006/1006/1006 1007/1007/1007 1008/1008/1008
f 1009/1009/1009 1010/1010/1010 1011/1011/1011
f 1012/1012/1012 1013/1013/1013 1014/1014/1014
f 1015/1015/1015 1016/1016/1016 1017/1017/1017
f 1018/1018/1018 1019/1019/1019 1020/1020/1020
f 1021/1021/1021 1022/1022/1022 1023/1023/1023
f 1024/1024/1024 1025/1025/1025 1026/1026/1026
f 1027/1027/1027 1028/1028/1028 1029/1029/1029
f 1030/1030/1030 1031/1031/1031 1032/1032/1032
f 1033/1033/1033 1034/1034/1034 1035/1035/1035
f 1036/1036/1036 1037/1037/1037 1038/1038/1038
f 1039/1039/1039 1040/1040/1040 1041/1041/1041
f 1042/1042/1042 1043/1043/1043 1044/1044/1044
f 1045/1045/1045 1046/1046/1046 1047/1047/1047
f 1048/1048/1048 1049/1049/1049 1050/1050/1050
f 1051/1051/1051 1052/1052/1052 1053/1053/1053
f 1054/1054/1054 1055/1055/1055 1056/1056/1056
f 1057/1057/1057 1058/1058/1058 1059/1059/1059
f 1060/1060/1060 1061/1061/1061 1062/1062/1062
f 1063/1063/1063 1064/1064/1064 1065/1065/1065
f 1066/1066/1066 1067/1067/1067 1068/1068/1068
f 1069/1069/1069 1070/1070/1070 1071/1071/1071
f 1072/1072/1072 1073/1073/1073 1074/1074/1074
f 1075/1075/1075 1076/1076/1076 1077/1077/1077
f 1078/1078/1078 1079/1079/1079 1080/1080/1080
f 1081/1081/1081 1082/1082/1082 1083/1083/1083
f 1084/1084/1084 1085/1085/1085 1086/1086/1086
f 1087/1087/1087 1088/1088/1088 1089/1089/1089
f 1090/1090/1090 1091/1091/1091 1092/1092/1092
f 1093/1093/1093 1094/1094/1094 1095/1095/1095
f 1096/1096/1096 1097/1097/1097 1098/1098/1098
f 1099/1099/1099 1100/1100/1100 1101/1101/1101
f 1102/1102/1102 1103/1103/1103 1104/1104/1104
f 1105/1105/1105 1106/1106/1106 1107/1107/1107
f 1108/1108/1108 1109/1109/1109 1110/1110/1110
f 1111/1111/1111 1112/1112/1112 1113/1113/1113
f 1114/1114/1114 1115/1115/1115 1116/1116/1116
f 1117/1117/1117 1118/1118/1118 1119/1119/1119
f 1120/1120/1120 1121/1121/1121 1122/1122/1122
f 1123/1123/1123 1124/1124/1124 1125/1125/1125
f 1126/1126/1126 1127/1127/1127 1128/1128/1128
f 1129/1129/1129 1130/1130/1130 1131/1131/1131
f 1132/1132/1132 1133/1133/1133 1134/1134/1134
f 1135/1135/1135 1136/1136/1136 1137/1137/1137
f 1138/1138/1138 1139/1139/1139 1140/1140/1140
f 1141/1141/1141 1142/1142/1142 1143/1143/1143
f 1144/1144/1144 1145/1145/1145 1146/1146/1146
f 1147/1147/1147 1148/1148/1148 1149/1149/1149
f 1150/1150/1150 1151/1151/1151 1152/1152/1152
f 1153/1153/1153 1154/1154/1154 1155/1155/1155
f 1156/1156/1156 1157/1157/1157 1158/1158/1158
f 1159/1159/1159 1160/1160/1160 1161/1161/1161
f 1162/1162/1162 1163/1163/1163 1164/1164/1164
f 1165/1165/1165 1166/1166/1166 1167/1167/1167
f 1168/1168/1168 1169/1169/1169 1170/1170/1170
f 1171/1171/1171 1172/1172/1172 1173/1173/1173
f 1174/1174/1174 1175/1175/1175 1176/1176/1176
f 1177/1177/1177 1178/1178/1178 1179/1179/1179
f 1180/1180/1180 1181/1181/1181 1182/1182/1182
f 1183/1183/1183 1184/1184/1184 1185/1185/1185
f 1186/1186/1186 1187/1187/1187 1188/1188/1188
f 1189/1189/1189 1190/1190/1190 1191/1191/1191
f 1192/1192/1192 1193/1193/1193 1194/1194/1194
f 1195/1195/1195 1196/1196/1196 1197/1197/1197
f 1198/1198/1198 1199/1199/1199 1200/1200/1200
f 1201/1201/1201 1202/1202/1202 1203/1203/1203
f 1204/1204/1204 1205/1205/1205 1206/1206/1206
f 1207/1207/1207 1208/1208/1208 1209/1209/1209
f 1210/1210/1210 1211/1211/1211 1212/1212/1212
f 1213/1213/1213 1214/1214/1214 1215/1215/1215
f 1216/1216/1216 1217/1217/1217 1218/1218/1218
f 1219/1219/1219 1220/1220/1220 1221/1221/1221
f 1222/1222/1222 1223/1223/1223 1224/1224/1224
f 1225/1225/1225 1226/1226/1226 1227/1227/1227
f 1228/1228/1228 1229/1229/1229 1230/1230/1230
f 1231/1231/1231 1232/1232/1232 1233/1233/1233
f 1234/1234/1234 1235/1235/1235 1236/1236/1236
f 1237/1237/1237 1238/1238/1238 1239/1239/1239
f 1240/1240/1240 1241/1241/1241 1242/1242/1242
f 1243/1243/1243 1244/1244/1244 1245/1245/1245
f 1246/1246/1246 1247/1247/1247 1248/1248/1248
f 1249/1249/1249 1250/1250/1250 1251/1251/1251
f 1252/1252/1252 1253/1253/1253 1254/1254/1254
f 1255/1255/1255 1256/1256/1256 1257/1257/1257
f 1258/1258/1258 1259/1259/1259 1260/1260/1260
f 1261/1261/1261 1262/1262/1262 1263/1263/1263
f 1264/1264/1264 1265/1265/1265 1266/1266/1266
f 1267/1267/1267 1268/1268/1268 1269/1269/1269
f 1270/1270/1270 1271/1271/1271 1272/1272/1272
f 1273/1273/1273 1274/1274/1274 1275/1275/1275
f 1276/1276/1276 1277/1277/1277 1278/1278/1278
f 1279/1279/1279 1280/1280/1280 1281/1281/1281
f 1282/1282/1282 1283/1283/1283 1284/1284/1284
f 1285/1285/1285 1286/1286/1286 1287/1287/1287
f 1288/1288/1288 1289/1289/1289 1290/1290/1290
f 1291/1291/1291 1292/1292/1292 1293/1293/1293
f 1294/1294/1294 1295/1295/1295 1296/1296/1296
f 1297/1297/1297 1298/1298/1298 1299/1299/1299
f 1300/1300/1300 1301/1301/1301 1302/1302/1302
f 1303/1303/1303 1304/1304/1304 1305/1305/1305
f 1306/1306/1306 1307/1307/1307 1308/1308/1308
f 1309/1309/1309 1310/1310/1310 1311/1311/1311
f 1312/1312/1312 1313/1313/1313 1314/1314/1314
f 1315/1315/1315 1316/1316/1316 1317/1317/1317
f 1318/1318/1318 1319/1319/1319 1320/1320/1320
f 1321/1321/1321 1322/1322/1322 1323/1323/1323
f 1324/1324/1324 1325/1325/1325 1326/1326/1326
f 1327/1327/1327 1328/1328/1328 1329/1329/1329
f 1330/1330/1330 1331/1331/1331 1332/1332/1332
f 1333/1333/1333 1334/1334/1334 1335/1335/1335
f 1336/1336/1336 1337/1337/1337 1338/1338/1338
f 1339/1339/1339 1340/1340/1340 1341/1341/1341
f 1342/1342/1342 1343/1343/1343 1344/1344/1344
f 1345/1345/1345 1346/1346/1346 1347/1347/1347
f 1348/1348/1348 1349/1349/1349 1350/1350/1350
f 1351/1351/1351 1352/1352/1352 1353/1353/1353
f 1354/1354/1354 1355/1355/1355 1356/1356/1356
f 1357/1357/1357 1358/1358/1358 1359/1359/1359
f 1360/1360/1360 1361/1361/1361 1362/1362/1362
f 1363/1363/1363 1364/1364/1364 1365/1365/1365
f 1366/1366/1366 1367/1367/1367 1368/1368/1368
f 1369/1369/1369 1370/1370/1370 1371/1371/1371
f 1372/1372/1372 1373/1373/1373 1374/1374/1374
f 1375/1375/1375 1376/1376/1376 1377/1377/1377
f 1378/1378/1378 1379/1379/1379 1380/1380/1380
f 1381/1381/1381 1382/1382/1382 1383/1383/1383
f 1384/1384/1384 1385/1385/1385 1386/1386/1386
f 1387/1387/1387 1388/1388/1388 1389/1389/1389
f 1390/1390/1390 1391/1391/1391 1392/1392/1392
f 1393/1393/1393 1394/1394/1394 1395/1395/1395
f 1396/1396/1396 1397/1397/1397 1398/1398/1398
f 1399/1399/1399 1400/1400/1400 1401/1401/1401
f 1402/1402/1402 1403/1403/1403 1404/1404/1404
f 1405/1405/1405 1406/1406/1406 1407/1407/1407
f 1408/1408/1408 1409/1409/1409 1410/1410/1410
f 1411/1411/1411 1412/1412/1412 1413/1413/1413
f 1414/1414/1414 1415/1415/1415 1416/1416/1416
f 1417/1417/1417 1418/1418/1418 1419/1419/1419
f 1420/1420/1420 1421/1421/1421 1422/1422/1422
f 1423/1423/1423 1424/1424/1424 1425/1425/1425
f 1426/1426/1426 1427/1427/1427 1428/1428/1428
f 1429/1429/1429 1430/1430/1430 1431/1431/1431
f 1432/1432/1432 1433/1433/1433 1434/1434/1434
f 1435/1435/1435 1436/1436/1436 1437/1437/1437
f 1438/1438/1438 1439/1439/1439 1440/1440/1440
f 1441/1441/1441 1442/1442/1442 1443/1443/1443
f 1444/1444/1444 1445/1445/1445 1446/1446/1446
f 1447/1447/1447 1448/1448/1448 1449/1449/1449
f 1450/1450/1450 1451/1451/1451 1452/1452/1452
f 1453/1453/1453 1454/1454/1454 1455/1455/1455
f 1456/1456/1456 1457/1457/1457 1458/1458/1458
f 1459/1459/1459 1460/1460/1460 1461/1461/1461
f 1462/1462/1462 1463/1463/1463 1464/1464/1464
f 1465/1465/1465 1466/1466/1466 1467/1467/1467
f 1468/1468/1468 1469/1469/1469 1470/1470/1470
f 1471/1471/1471 1472/1472/1472 1473/1473/1473
f 1474/1474/1474 1475/1475/1475 1476/1476/1476
f 1477/1477/1477 1478/1478/1478 1479/1479/1479
f 1480/1480/1480 1481/1481/1481 1482/1482/1482
f 1483/1483/1483 1484/1484/1484 1485/1485/1485
f 1486/1486/1486 1487/1487/1487 1488/1488/1488
f 1489/1489/1489 1490/1490/1490 1491/1491/1491
f 1492/1492/1492 1493/1493/1493 1494/1494/1494
f 1495/1495/1495 1496/1496/1496 1497/1497/1497
f 1498/1498/1498 1499/1499/1499 1500/1500/1500
f 1501/1501/1501 1502/1502/1502 1503/1503/1503
f 1504/1504/1504 1505/1505/1505 1506/1506/1506
f 1507/1507/1507 1508/1508/1508 1509/1509/1509
f 1510/1510/1510 1511/1511/1511 1512/1512/1512
f 1513/1513/1513 1514/1514/1514 1515/1515/1515
f 1516/1516/1516 1517/1517/1517 1518/1518/1518
f 1519/1519/1519 1520/1520/1520 1521/1521/1521
f 1522/1522/1522 1523/1523/1523 1524/1524/1524
f 1525/1525/1525 1526/1526/1526 1527/1527/1527
f 1528/1528/1528 1529/1529/1529 1530/1530/1530
f 1531/1531/1531 1532/1532/1532 1533/1533/1533
f 1534/1534/1534 1535/1535/1535 1536/1536/1536
f 1537/1537/1537 1538/1538/1538 1539/1539/1539
f 1540/1540/1540 1541/1541/1541 1542/1542/1542
f 1543/1543/1543 1544/1544/1544 1545/1545/1545
f 1546/1546/1546 1547/1547/1547 1548/1548/1548
f 1549/1549/1549 1550/1550/1550 1551/1551/1551
f 1552/1552/1552 1553/1553/1553 1554/1554/1554
f 1555/1555/1555 1556/1556/1556 1557/1557/1557
f 1558/1558/1558 1559/1559/1559 1560/1560/1560
f 1561/1561/1561 1562/1562/1562 1563/1563/1563
f 1564/1564/1564 1565/1565/1565 1566/1566/1566
f 1567/1567/1567 1568/1568/1568 1569/1569/1569
f 1570/1570/1570 1571/1571/1571 1572/1572/1572
f 1573/1573/1573 1574/1574/1574 1575/1575/1575
f 1576/1576/1576 1577/1577/1577 1578/1578/1578
f 1579/1579/1579 1580/1580/1580 1581/1581/1581
f 1582/1582/1582 1583/1583/1583 1584/1584/1584
f 1585/1585/1585 1586/1586/1586 1587/1587/1587
f 1588/1588/1588 1589/1589/1589 1590/1590/1590
f 1591/1591/1591 1592/1592/1592 1593/1593/1593
f 1594/1594/1594 1595/1595/1595 1596/1596/1596
f 1597/1597/1597 1598/1598/1598 1599/1599/1599
f 1600/1600/1600 1601/1601/1601 1602/1602/1602
f 1603/1603/1603 1604/1604/1604 1605/1605/1605
f 1606/1606/1606 1607/1607/1607 1608/1608/1608
f 1609/1609/1609 1610/1610/1610 1611/1611/1611
f 1612/1612/1612 1613/1613/1613 1614/1614/1614
f 1615/1615/1615 1616/1616/1616 1617/1617/1617
f 1618/1618/1618 1619/1619/1619 1620/1620/1620
f 1621/1621/1621 1622/1622/1622 1623/1623/1623
f 1624/1624/1624 1625/1625/1625 1626/1626/1626
f 1627/1627/1627 1628/1628/1628 1629/1629/1629
f 1630/1630/1630 1631/1631/1631 1632/1632/1632
f 1633/1633/1633 1634/1634/1634 1635/1635/1635
f 1636/1636/1636 1637/1637/1637 1638/1638/1638
f 1639/1639/1639 1640/1640/1640 1641/1641/1641
f 1642/1642/1642 1643/1643/1643 1644/1644/1644
f 1645/1645/1645 1646/1646/1646 1647/1647/1647
f 1648/1648/1648 1649/1649/1649 1650/1650/1650
f 1651/1651/1651 1652/1652/1652 1653/1653/1653
f 1654/1654/1654 1655/1655/1655 1656/1656/1656
f 1657/1657/1657 1658/1658/1658 1659/1659/1659
f 1660/1660/1660 1661/1661/1661 1662/1662/1662
f 1663/1663/1663 1664/1664/1664 1665/1665/1665
f 1666/1666/1666 1667/1667/1667 1668/1668/1668
f 1669/1669/1669 1670/1670/1670 1671/1671/1671
f 1672/1672/1672 1673/1673/1673 1674/1674/1674
f 1675/1675/1675 1676/1676/1676 1677/1677/1677
f 1678/1678/1678 1679/1679/1679 1680/1680/1680
f 1681/1681/1681 1682/1682/1682 1683/1683/1683
f 1684/1684/1684 1685/1685/1685 1686/1686/1686
f 1687/1687/1687 1688/1688/1688 1689/1689/1689
f 1690/1690/1690 1691/1691/1691 1692/1692/1692
f 1693/1693/1693 1694/1694/1694 1695/1695/1695
f 1696/1696/1696 1697/1697/1697 1698/1698/1698
f 1699/1699/1699 1700/1700/1700 1701/1701/1701
f 1702/1702/1702 1703/1703/1703 1704/1704/1704
f 1705/1705/1705 1706/1706/1706 1707/1707/1707
f 1708/1708/1708 1709/1709/1709 1710/1710/1710
f 1711/1711/1711 1712/1712/1712 1713/1713/1713
f 1714/1714/1714 1715/1715/1715 1716/1716/1716
f 1717/1717/1717 1718/1718/1718 1719/1719/1719
f 1720/1720/1720 1721/1721/1721 1722/1722/1722
f 1723/1723/1723 1724/1724/1724 1725/1725/1725
f 1726/1726/1726 1727/1727/1727 1728/1728/1728
f 1729/1729/1729 1730/1730/1730 1731/1731/1731
f 1732/1732/1732 1733/1733/1733 1734/1734/1734
f 1735/1735/1735 1736/1736/1736 1737/1737/1737
f 1738/1738/1738 1739/1739/1739 1740/1740/1740
f 1741/1741/1741 1742/1742/1742 1743/1743/1743
f 1744/1744/1744 1745/1745/1745 1746/1746/1746
f 1747/1747/1747 1748/1748/1748 1749/1749/1749
f 1750/1750/1750 1751/1751/1751 1752/1752/1752
f 1753/1753/1753 1754/1754/1754 1755/1755/1755
f 1756/1756/1756 1757/1757/1757 1758/1758/1758
f 1759/1759/1759 1760/1760/1760 1761/1761/1761
f 1762/1762/1762 1763/1763/1763 1764/1764/1764
f 1765/1765/1765 1766/1766/1766 1767/1767/1767
f 1768/1768/1768 1769/1769/1769 1770/1770/1770
f 1771/1771/1771 1772/1772/1772 1773/1773/1773
f 1774/1774/1774 1775/1775/1775 1776/1776/1776
f 1777/1777/1777 1778/1778/1778 1779/1779/1779
f 1780/1780/1780 1781/1781/1781 1782/1782/1782
f 1783/1783/1783 1784/1784/1784 1785/1785/1785
f 1786/1786/1786 1787/1787/1787 1788/1788/1788
f 1789/1789/1789 1790/1790/1790 1791/1791/1791
f 1792/1792/1792 1793/1793/1793 1794/1794/1794
f 1795/1795/1795 1796/1796/1796 1797/1797/1797
f 1798/1798/1798 1799/1799/1799 1800/1800/1800
f 1801/1801/1801 1802/1802/1802 1803/1803/1803
f 1804/1804/1804 1805/1805/1805 1806/1806/1806
f 1807/1807/1807 1808/1808/1808 1809/1809/1809
f 1810/1810/1810 1811/1811/1811 1812/1812/1812
f 1813/1813/1813 1814/1814/1814 1815/1815/1815
f 1816/1816/1816 1817/1817/1817 1818/1818/1818
f 1819/1819/1819 1820/1820/1820 1821/1821/1821
f 1822/1822/1822 1823/1823/1823 1824/1824/1824
f 1825/1825/1825 1826/1826/1826 1827/1827/1827
f 1828/1828/1828 1829/1829/1829 1830/1830/1830
f 1831/1831/1831 1832/1832/1832 1833/1833/1833
f 1834/1834/1834 1835/1835/1835 1836/1836/1836
f 1837/1837/1837 1838/1838/1838 1839/1839/1839
f 1840/1840/1840 1841/1841/1841 1842/1842/1842
f 1843/1843/1843 1844/1844/1844 1845/1845/1845
f 1846/1846/1846 1847/1847/1847 1848/1848/1848
f 1849/1849/1849 1850/1850/1850 1851/1851/1851
f 1852/1852/1852 1853/1853/1853 1854/1854/1854
f 1855/1855/1855 1856/1856/1856 1857/1857/1857
f 1858/1858/1858 1859/1859/1859 1860/1860/1860
f 1861/1861/1861 1862/1862/1862 1863/1863/1863
f 1864/1864/1864 1865/1865/1865 1866/1866/1866
f 1867/1867/1867 1868/1868/1868 1869/1869/1869
f 1870/1870/1870 1871/1871/1871 1872/1872/1872
f 1873/1873/1873 1874/1874/1874 1875/1875/1875
f 1876/1876/1876 1877/1877/1877 1878/1878/1878
f 1879/1879/1879 1880/1880/1880 1881/1881/1881
f 1882/1882/1882 1883/1883/1883 1884/1884/1884
f 1885/1885/1885 1886/1886/1886 1887/1887/1887
f 1888/1888/1888 1889/1889/1889 1890/1890/1890
f 1891/1891/1891 1892/1892/1892 1893/1893/1893
f 1894/1894/1894 1895/1895/1895 1896/1896/1896
f 1897/1897/1897 1898/1898/1898 1899/1899/1899
f 1900/1900/1900 1901/1901/1901 1902/1902/1902
f 1903/1903/1903 1904/1904/1904 1905/1905/1905
f 1906/1906/1906 1907/1907/1907 1908/1908/1908
f 1909/1909/1909 1910/1910/1910 1911/1911/1911
f 1912/1912/1912 1913/1913/1913 1914/1914/1914
f 1915/1915/1915 1916/1916/1916 1917/1917/1917
f 1918/1918/1918 1919/1919/1919 1920/1920/1920
f 1921/1921/1921 1922/1922/1922 1923/1923/1923
f 1924/1924/1924 1925/1925/1925 1926/1926/1926
f 1927/1927/1927 1928/1928/1928 1929/1929/1929
f 1930/1930/1930 1931/1931/1931 1932/1932/1932
f 1933/1933/1933 1934/1934/1934 1935/1935/1935
f 1936/1936/1936 1937/1937/1937 1938/1938/1938
f 1939/1939/1939 1940/1940/1940 1941/1941/1941
f 1942/1942/1942 1943/1943/1943 1944/1944/1944
f 1945/1945/1945 1946/1946/1946 1947/1947/1947
f 1948/1948/1948 1949/1949/1949 1950/1950/1950
f 1951/1951/1951 1952/1952/1952 1953/1953/1953
f 1954/1954/1954 1955/1955/1955 1956/1956/1956
f 1957/1957/1957 1958/1958/1958 1959/1959/1959
f 1960/1960/1960 1961/1961/1961 1962/1962/1962
f 1963/1963/1963 1964/1964/1964 1965/1965/1965
f 1966/1966/1966 1967/1967/1967 1968/1968/1968
f 1969/1969/1969 1970/1970/1970 1971/1971/1971
f 1972/1972/1972 1973/1973/1973 1974/1974/1974
f 1975/1975/1975 1976/1976/1976 1977/1977/1977
f 1978/1978/1978 1979/1979/1979 1980/1980/1980
f 1981/1981/1981 1982/1982/1982 1983/1983/1983
f 1984/1984/1984 1985/1985/1985 1986/1986/1986
f 1987/1987/1987 1988/1988/1988 1989/1989/1989
f 1990/1990/1990 1991/1991/1991 1992/1992/1992
f 1993/1993/1993 1994/1994/1994 1995/1995/1995
f 1996/1996/1996 1997/1997/1997 1998/1998/1998
f 1999/1999/1999 2000/2000/2000 2001/2001/2001
f 2002/2002/2002 2003/2003/2003 2004/2004/2004
f 2005/2005/2005 2006/2006/2006 2007/2007/2007
f 2008/2008/2008 2009/2009/2009 2010/2010/2010
f 2011/2011/2011 2012/2012/2012 2013/2013/2013
f 2014/2014/2014 2015/2015/2015 2016/2016/2016
f 2017/2017/2017 2018/2018/2018 2019/2019/2019
f 2020/2020/2020 2021/2021/2021 2022/2022/2022
f 2023/2023/2023 2024/2024/2024 2025/2025/2025
f 2026/2026/2026 2027/2027/2027 2028/2028/2028
f 2029/2029/2029 2030/2030/2030 2031/2031/2031
f 2032/2032/2032 2033/2033/2033 2034/2034/2034
f 2035/2035/2035 2036/2036/2036 2037/2037/2037
f 2038/2038/2038 2039/2039/2039 2040/2040/2040
f 2041/2041/2041 2042/2042/2042 2043/2043/2043
f 2044/2044/2044 2045/2045/2045 2046/2046/2046
f 2047/2047/2047 2048/2048/2048 2049/2049/2049
f 2050/2050/2050 2051/2051/2051 2052/2052/2052
f 2053/2053/2053 2054/2054/2054 2055/2055/2055
f 2056/2056/2056 2057/2057/2057 2058/2058/2058
f 2059/2059/2059 2060/2060/2060 2061/2061/2061
f 2062/2062/2062 2063/2063/2063 2064/2064/2064
f 2065/2065/2065 2066/2066/2066 2067/2067/2067
f 2068/2068/2068 2069/2069/2069 2070/2070/2070
f 2071/2071/2071 2072/2072/2072 2073/2073/2073
f 2074/2074/2074 2075/2075/2075 2076/2076/2076
f 2077/2077/2077 2078/2078/2078 2079/2079/2079
f 2080/2080/2080 2081/2081/2081 2082/2082/2082
f 2083/2083/2083 2084/2084/2084 2085/2085/2085
f 2086/2086/2086 2087/2087/2087 2088/2088/2088
f 2089/2089/2089 2090/2090/2090 2091/2091/2091
f 2092/2092/2092 2093/2093/2093 2094/2094/2094
f 2095/2095/2095 2096/2096/2096 2097/2097/2097
f 2098/2098/2098 2099/2099/2099 2100/2100/2100
f 2101/2101/2101 2102/2102/2102 2103/2103/2103
f 2104/2104/2104 2105/2105/2105 2106/2106/2106
f 2107/2107/2107 2108/2108/2108 2109/2109/2109
f 2110/2110/2110 2111/2111/2111 2112/2112/2112
f 2113/2113/2113 2114/2114/2114 2115/2115/2115
f 2116/2116/2116 2117/2117/2117 2118/2118/2118
f 2119/2119/2119 2120/2120/2120 2121/2121/2121
f 2122/2122/2122 2123/2123/2123 2124/2124/2124
f 2125/2125/2125 2126/2126/2126 2127/2127/2127
f 2128/2128/2128 2129/2129/2129 2130/2130/2130
f 2131/2131/2131 2132/2132/2132 2133/2133/2133
f 2134/2134/2134 2135/2135/2135 2136/2136/2136
f 2137/2137/2137 2138/2138/2138 2139/2139/2139
f 2140/2140/2140 2141/2141/2141 2142/2142/2142
f 2143/2143/2143 2144/2144/2144 2145/2145/2145
f 2146/2146/2146 2147/2147/2147 2148/2148/2148
f 2149/2149/2149 2150/2150/2150 2151/2151/2151
f 2152/2152/2152 2153/2153/2153 2154/2154/2154
f 2155/2155/2155 2156/2156/2156 2157/2157/2157
f 2158/2158/2158 2159/2159/2159 2160/2160/2160
f 2161/2161/2161 2162/2162/2162 2163/2163/2163
f 2164/2164/2164 2165/2165/2165 2166/2166/2166
f 2167/2167/2167 2168/2168/2168 2169/2169/2169
f 2170/2170/2170 2171/2171/2171 2172/2172/2172
f 2173/2173/2173 2174/2174/2174 2175/2175/2175
f 2176/2176/2176 2177/2177/2177 2178/2178/2178
f 2179/2179/2179 2180/2180/2180 2181/2181/2181
f 2182/2182/2182 2183/2183/2183 2184/2184/2184
f 2185/2185/2185 2186/2186/2186 2187/2187/2187
f 2188/2188/2188 2189/2189/2189 2190/2190/2190
f 2191/2191/2191 2192/2192/2192 2193/2193/2193
f 2194/2194/2194 2195/2195/2195 2196/2196/2196
f 2197/2197/2197 2198/2198/2198 2199/2199/2199
f 2200/2200/2200 2201/2201/2201 2202/2202/2202
f 2203/2203/2203 2204/2204/2204 2205/2205/2205
f 2206/2206/2206 2207/2207/2207 2208/2208/2208
f 2209/2209/2209 2210/2210/2210 2211/2211/2211
f 2212/2212/2212 2213/2213/2213 2214/2214/2214
f 2215/2215/2215 2216/2216/2216 2217/2217/2217
f 2218/2218/2218 2219/2219/2219 2220/2220/2220
